-83.907292,40.295028,-56.149667,45.710288,91.440035,58.197660,-36.606882,-6.562388,87.552150,-64.426961,
77.819094,-46.925343,14.777169,-93.459489,80.248291,-17.521268,-92.451415,96.739328,-77.315308,60.975453,
16.645153,-45.397901,-29.584272,-18.445758,-18.033723,-26.867517,-43.545823,-47.825948,99.939355,-81.020455,
14.916814,-14.689506,51.848348,-72.976379,-34.839687,43.460555,-83.755346,-42.572320,-80.171828,92.917422,
69.727322,60.822722,-34.666803,-44.375960,49.612304,74.655100,-6.136091,-55.680734,-1.722354,83.647014,
-33.165261,55.192596,-11.839067,-81.080141,46.858201,74.929199,96.343578,-99.454202,10.723493,22.010967,
-92.461586,20.812513,-86.463425,9.892125,49.250090,95.810372,-92.887184,33.939239,89.677547,-48.881116,
50.264062,2.095297,-18.961400,18.672497,74.197866,88.081321,-44.884929,52.032945,98.282127,30.354408,
-41.482185,94.341251,-22.889283,-56.579100,-21.669826,-47.878814,-91.085581,6.825783,78.854244,51.437167,
-38.576564,88.094914,-1.712195,68.824065,47.466230,80.996538,4.769158,-2.392742,20.303913,63.820367,
-34.673928,-8.849608,48.430085,-84.884329,-38.090630,86.599334,-42.742882,64.928670,-35.863621,48.956019,
80.797093,74.927371,-34.309819,41.662640,93.986590,2.735186,95.389736,-97.019915,51.360430,83.980331,
-53.471961,-91.726102,-58.573022,52.502355,19.719289,69.054161,-16.902151,-62.599510,80.220190,10.368764,
-26.970959,26.730208,-16.650102,62.567978,-39.011621,-86.513615,-33.257157,-61.635469,-13.069482,47.333377,
4.211291,-36.705848,31.381301,-13.475467,85.050368,-88.927021,69.256772,57.758467,35.938759,-15.185973,
-90.516135,-95.514522,-15.857697,73.952988,74.354089,26.040267,-80.537761,13.668999,-47.445306,-14.424479,
2.407302,6.429257,19.134467,-93.455993,90.950551,83.479577,37.903820,16.738965,-47.095075,-78.041634,
66.382492,-33.825536,-70.302323,-74.399422,13.026177,96.347808,67.377899,15.148547,25.610916,78.539786,
-16.150313,-68.417518,28.684841,32.646361,-53.568042,-71.506844,-53.466540,88.506839,98.520638,-71.671940,
-19.372246,-80.637971,51.654472,55.805367,-48.533650,-44.756091,6.469889,10.379131,-98.652459,-31.110893,
-37.753542,-85.361132,-46.904388,64.793081,88.539331,-38.625395,80.475238,-88.551510,-28.864194,-83.334326,
-88.575471,41.901570,40.346956,89.846083,-14.424306,26.351699,72.599246,14.639944,-76.025239,-65.297430,
-16.942606,1.555593,21.489440,21.658082,-59.246993,57.472850,35.324151,49.140098,-14.135266,99.660318,
-93.100122,-81.038639,-25.797624,92.390148,81.006137,-30.311608,-30.986039,-24.202052,84.979374,90.198828,
-54.687548,19.195201,38.516490,-60.336357,11.084034,-55.012738,-72.881640,70.229529,-67.853813,-8.352683,
83.486613,-43.856454,76.057251,-50.736464,-88.904234,-6.396990,81.749511,-89.106139,15.326352,23.175391,
85.610734,35.786775,-79.878094,-47.273736,69.914603,-99.679394,60.160912,43.491889,-74.642616,-1.077618,
18.982129,-50.274298,16.597571,17.298704,-82.234077,47.968741,15.013441,-25.671286,6.137331,-15.208996,
32.456342,32.113163,25.994932,33.214011,81.809833,-14.710190,-39.844021,-97.793853,-58.852073,19.314040,
-80.478262,60.429408,-31.099820,86.204262,-57.029134,77.781837,62.928059,-21.745458,18.682865,-31.964919,
-24.869806,-2.941730,-21.292342,-66.815031,77.099739,-16.975726,62.492548,6.494747,-73.091051,87.390393,
3.208271,56.807083,-23.956187,33.402275,54.614658,54.256231,-55.646403,-47.735235,-21.519330,16.865081,
-10.029907,51.668399,-26.484775,44.414671,-57.325729,-33.696812,-95.410373,-3.508068,43.836859,-74.080412,
-32.877920,88.467811,-24.360379,-58.035707,31.774124,32.790687,-61.964681,31.086353,-10.488815,30.061738,
82.302635,-5.835815,-67.102939,-26.615807,-90.344260,-52.469421,98.210969,55.898202,87.917999,72.108566,
-85.903962,97.360217,72.092700,2.416274,94.222343,2.651458,61.794148,62.791968,-57.990161,-53.394565,
-72.559091,-48.670556,-20.289889,61.949816,68.256399,-24.862659,23.498389,-89.627200,99.209174,-51.014722,
-50.569404,-40.337916,36.231595,75.509972,-37.091250,30.462807,43.914270,38.679622,-99.233540,60.152469,
-54.616071,-71.185739,-77.251692,-95.509326,73.526831,73.179795,18.511124,-89.782410,48.183799,51.197451,
-50.929754,67.869598,42.700626,-42.103637,-83.651804,-44.986486,75.633818,99.687310,67.877355,-4.848457,
97.714941,-43.114850,90.927848,71.079394,51.788483,80.113180,-12.741690,-57.454396,-76.021252,69.094525,
71.729534,-7.087245,-74.484606,-95.988223,90.910905,37.233188,56.747520,-5.549302,98.539217,17.349636,
53.233987,53.390691,3.956115,-37.311412,-23.292351,-59.850823,65.113138,-66.496634,-26.166893,80.397215,
-67.553437,-37.656225,-29.765198,-23.606228,64.672994,-17.226864,51.114465,10.290039,-32.922294,-36.258422,
-56.944120,-98.391859,37.783369,-78.831265,53.985777,30.680962,2.793246,-54.585104,-35.771449,-88.408925,
-91.702545,-48.459297,-92.583860,-88.965888,4.135176,22.442735,96.273631,-93.387304,34.842639,63.993046,
83.322597,81.631664,96.820649,-64.183636,-73.377961,30.621587,-24.031958,50.045367,11.218252,25.535018,
-17.478857,24.102428,87.906070,81.626179,72.092496,-39.062841,-41.307673,13.482113,-61.047752,-11.443069,
-51.059465,2.382898,23.690365,59.529624,62.064001,49.357461,94.507296,-88.891078,-81.904070,-12.291950,
-4.900414,-36.310047,-28.417266,-74.707510,79.011763,-79.397478,-72.793584,28.523688,60.253953,55.017618,
52.949164,78.663850,2.182515,76.371552,66.972623,-10.018460,-87.360777,75.070129,-14.907473,-31.434109,
32.123550,27.859037,-61.289178,-81.924856,-35.785267,65.439078,-89.262121,50.086594,47.713732,-94.430619,
-1.938556,-18.507592,-66.067658,45.091762,-22.220010,54.012524,-57.866196,33.837846,-88.525580,44.424474,
-1.700290,46.837851,-59.230335,99.963020,-55.754393,55.320633,65.498769,68.946208,82.033264,68.697612,
-57.192044,33.168814,70.484639,-31.679750,-86.544295,-89.793204,25.655902,-59.021903,-51.904937,17.953060,
-97.425637,-55.001652,-99.680798,-97.628483,98.670870,-70.277812,-10.476494,19.108481,38.488064,96.331062,
-8.378978,-20.428996,-1.934395,-62.544380,91.482032,19.725954,-24.973005,-17.747453,87.733904,78.636045,
9.780584,50.248880,74.611890,-94.660396,37.776818,32.443762,45.866293,-71.302332,37.497251,20.614744,
57.312265,32.559629,-73.562016,-1.498929,35.650534,92.864223,-34.120208,94.341596,-44.641812,75.756248,
-26.830418,15.486412,73.712084,59.991985,18.115204,64.144653,-46.485711,-95.857313,-97.597812,-36.557853,
-35.937951,-9.578112,-21.236973,-6.980254,12.062656,29.869097,-1.940307,55.242551,-88.724943,93.365405,
77.243919,23.029884,10.818585,-19.847449,-23.714749,57.941601,-27.129562,25.723372,31.503401,-99.866123,
-33.422843,72.757677,-39.110014,-97.349258,70.735773,-95.909102,55.474593,-36.231702,98.902138,-61.605444,
-86.430088,33.319199,38.238771,-57.925446,34.297450,47.641726,-60.732660,-8.615097,21.803110,-39.590269,
93.058974,-3.876485,28.014476,-27.298830,-76.048846,-51.032238,-7.676239,-16.263716,78.805108,-18.414228,
-94.569219,-11.644505,98.689720,72.294442,-51.215820,-41.974451,-6.388946,52.823865,31.530403,11.843721,
71.058632,96.732386,87.661393,77.954052,-14.802633,79.459910,51.618467,80.017415,38.007845,-74.505980,
-83.501003,44.690395,10.184052,-10.394471,71.196769,34.041530,-64.478710,0.154235,-9.015698,42.054950,
78.418408,64.398633,-22.622627,-10.925948,-78.042805,-89.987344,-88.689051,88.975178,69.159214,13.472193,
-27.033085,-3.056477,-56.031608,3.867904,18.596390,40.427650,44.883646,-52.107717,-80.255782,-19.221536,
-74.599476,-9.234775,68.119618,14.414779,74.332080,-71.248695,-20.114877,-36.771286,40.948837,-49.607372,
31.313519,-54.372524,-48.957874,-83.063234,-11.077765,5.735734,91.045491,82.365194,-9.213088,82.260007,
73.400959,3.425823,67.511090,-35.094710,-85.163656,79.242378,-26.275342,83.080044,-51.101452,7.221783,
-89.383010,-20.646956,-70.453635,22.469571,-55.226883,35.778537,77.608802,73.173819,-28.640767,67.365846,
42.527044,16.205468,31.446061,9.411438,-36.750586,69.547737,70.581575,38.155669,-61.744561,16.836337,
51.822594,-42.380196,69.307334,46.341785,-6.096970,62.988418,-8.658970,-20.961159,-41.832350,-57.322989,
61.546831,-31.925551,73.445664,-65.208482,57.431123,-72.535498,-12.980974,-74.345375,-52.460484,-81.931265,
34.390529,-53.826397,-5.452117,30.357425,40.188993,-16.992560,-27.408252,-30.107798,-82.435679,-6.416243,
-79.298356,-46.722874,63.473492,22.368125,47.423572,97.843091,-20.628628,-59.130621,-19.885362,-15.572713,
-9.758936,-68.756808,-1.665076,90.760557,-28.390266,-30.530998,20.317249,-67.172047,4.114911,-39.239109,
32.532928,36.800829,39.982714,-83.818904,-73.702051,-14.829300,-9.647088,49.825287,-51.122413,10.714816,
6.236338,39.103671,16.124066,-15.164984,-78.959648,-81.882435,-2.694936,41.385072,-95.555951,57.793294,
-49.052318,-82.580083,-25.636582,-20.730722,98.707418,6.573731,-92.468602,-69.025550,-73.255208,-98.689846,
33.501554,-98.405725,30.641420,40.395961,-41.725909,-58.768600,33.815871,-43.396338,46.818719,60.238832,
67.551803,23.798560,33.477929,83.584185,-77.782181,37.717345,65.732110,-29.690558,40.590797,76.720755,
85.672433,-60.987765,-36.589277,-57.379424,76.073182,-99.210281,-90.129933,-60.613765,99.918720,78.882927,
74.796435,-38.199836,5.924035,36.238924,-83.626075,11.574194,72.558758,63.064634,-81.717644,-30.878457,
20.546599,-30.410915,-62.510240,73.047415,-52.432305,24.119080,44.111119,63.260219,-29.119475,0.350272,
13.332547,-69.221385,-53.211763,39.191867,-16.710650,-50.698892,-49.631281,61.187090,39.879773,-67.281469,
-97.602744,-17.626366,-89.090226,-10.749116,-78.667679,52.649138,-44.314652,14.908285,60.654437,4.280529,
-20.064115,11.079662,-69.284476,-47.389626,-6.510852,80.373461,-52.191825,82.543833,-33.300934,-75.913567,
-99.958243,59.215590,54.711638,80.473688,10.112975,-37.035399,24.586593,7.502910,23.270355,30.635805,
-75.600817,-60.603863,15.578845,26.332230,-65.549194,-53.740989,-22.888965,-58.817642,52.819091,24.125043,
18.538392,-26.101786,21.602002,46.658252,40.726844,17.767447,-69.166837,-59.469129,7.450056,-42.409165,
-33.278315,50.996663,-2.432674,0.670078,11.152690,19.566229,-23.983965,-48.554849,32.094953,61.225822,
-15.139789,-50.407255,46.114166,67.919171,-17.265816,-2.912225,93.120656,57.830599,-21.482081,28.755594,
91.320883,-21.859651,81.985747,-10.044720,23.010113,-32.172956,52.239571,-49.507633,30.697954,-9.374363,
12.955647,42.994867,-12.409413,43.262643,-66.743171,49.351315,-17.896296,-39.388548,-26.828820,93.086328,
-62.988946,-76.431245,-45.246035,-46.920010,88.512225,-26.721334,38.818348,-37.114582,-20.230355,62.440082,
21.811553,7.812381,85.939780,98.117864,-57.362228,88.844357,-77.796091,-27.915720,21.018595,-46.565239,
-85.249794,-72.875951,83.862749,-70.674851,5.467424,-29.947876,-62.620082,-9.151220,97.181209,-93.049676,
-90.912230,51.928347,-68.096128,29.792208,-51.354579,-51.949417,-94.802964,-11.615744,90.504497,81.372058,
35.198312,-46.617718,30.704325,55.084260,-31.226183,85.461785,13.147953,-11.254096,-17.843404,86.257019,
-18.400591,-70.274107,-68.124069,48.306852,-26.488679,60.680068,-31.533483,28.916680,-48.449052,95.189010,
-68.152326,-12.917096,-3.605478,-54.671343,-51.827441,96.590427,-35.912333,97.222910,-37.767855,58.631273,
3.848564,67.781109,-63.383409,21.361564,-9.859454,19.177859,-57.921873,93.342790,-99.618563,-20.996280,
76.145956,34.932693,59.528243,-71.049288,44.024594,-53.549122,-61.201327,49.324397,34.006246,37.718393,
28.974789,10.424731,14.063891,-66.814224,99.604476,43.622079,91.971972,-18.123466,-29.498736,-67.638872,
70.892011,60.694562,-91.993515,86.214059,56.017231,-43.810311,49.484451,82.738451,36.539744,31.925806,
59.977578,1.366840,53.785626,7.124917,-73.663127,-72.579921,-89.437214,-27.421544,-4.596481,1.120775,
52.099900,86.809450,63.659163,93.060120,-37.781354,-27.065824,19.091765,-35.489763,42.949577,10.108060,
-65.040209,66.021963,33.109450,-51.765354,50.298989,-63.903916,2.170415,15.827409,98.815460,99.053024,
33.197566,3.192223,-70.101370,-46.830816,44.875696,12.049777,-98.924822,57.232652,64.773050,-79.465690,
25.013974,-56.752011,3.750599,-2.226669,-97.807329,-89.384175,-71.152356,11.305068,6.947491,3.631064,
-84.063181,55.059558,-1.318761,89.042354,-68.527336,-40.079788,-96.740776,-97.381169,66.635976,83.090661,
48.526714,-7.675954,-23.184567,34.548794,50.212490,61.206097,-11.891820,-51.095400,71.857063,99.254270,
38.411676,14.239339,-80.446542,-40.280270,9.674041,-66.585300,-42.323254,39.857277,-50.240777,-37.525521,
-70.689089,13.390230,-92.829197,71.644312,32.082161,94.914104,-15.174094,-11.272760,-60.769624,-70.187063,
-70.086842,-62.824516,-44.813336,-57.420624,-90.827558,-59.277845,78.017343,21.616067,94.700914,6.270291,
14.540133,56.652880,-35.827349,-44.052594,-85.115148,-70.564732,-55.492832,-59.445919,-43.052167,45.006003,
-4.579631,-18.419522,-94.453430,-24.955969,88.354598,27.856569,-63.632921,-68.128968,6.339616,-65.896376,
72.829817,-51.577304,43.939189,-59.940860,60.495165,-58.810095,-87.874914,52.813990,0.808196,93.424441,
-98.314782,26.950687,49.837943,-77.033574,22.530239,12.274320,-83.597840,-45.572981,-41.648142,-75.748862,
-45.873335,-25.266102,78.838936,48.163977,71.175098,30.534731,-88.817901,-86.298683,-1.351872,-82.471921,
45.843525,67.801046,-81.964795,68.197853,89.160573,66.880072,97.366688,-28.286588,-64.625925,-4.616716,
-94.627045,29.440173,85.733196,55.345572,10.053668,-15.367748,31.701251,-35.948749,-50.844421,-13.119502,
96.522962,51.891504,-77.200163,14.318230,-12.670253,-44.493596,63.705904,22.093083,98.462011,-86.700657,
-88.312145,-76.684454,-95.597162,-39.475701,97.086709,58.774556,32.044228,88.723385,34.535071,-88.662719,
20.301056,70.920604,-2.042537,91.288206,43.287268,94.013136,-50.320868,-54.113876,18.736994,78.427698,
31.121630,66.965228,-95.024286,52.377838,-18.680118,48.260913,41.582166,-34.507881,-56.557478,62.324126,
52.641560,34.865863,10.313202,44.330382,65.869599,22.891939,-22.333018,-87.292829,-62.183679,37.638073,
-69.433681,33.216542,23.822511,-26.096207,3.758978,-23.412135,-17.781475,80.734532,77.445957,-41.315174,
76.925630,66.883306,-20.289471,-87.635994,-34.629270,-57.672860,-39.766166,74.904051,-9.091571,34.047539,
-49.431937,12.092415,32.616427,-4.316912,-29.986943,-61.546141,13.810347,-10.451257,97.648626,-59.454102,
45.340462,-65.705035,-15.706314,39.096651,-36.964256,6.994688,20.438896,74.407983,78.551515,-91.941872,
27.818890,89.407712,-96.387120,14.355559,-66.325353,-17.936605,-74.219437,-57.468464,-8.352255,90.799977,
6.474680,-47.706458,-37.726340,-7.239410,30.576921,-94.792420,-12.920039,-29.117497,-55.242117,-35.652032,
-87.644991,-56.085606,72.849085,-39.590501,-21.417095,-60.021035,-87.884170,-57.659636,8.290367,65.672935,
59.600589,65.850738,-70.620175,-17.288526,13.303430,-67.216874,-13.297765,61.012035,40.545253,-23.890491,
-14.993085,79.309318,-39.546373,26.031950,-78.314048,13.860069,70.944619,29.379076,-80.272958,39.744281,
87.937844,-48.627125,-72.461190,-73.494240,-17.947784,-8.902815,82.878345,-6.035471,31.835990,6.657379,
50.246546,-55.143441,-19.887252,6.512437,-17.798006,-69.283597,-16.225352,46.095348,6.786282,-85.304376,
-25.719195,32.593637,92.780219,-49.339745,-98.242221,39.367412,-89.881152,73.995884,93.101088,16.420021,
19.377805,-28.739218,-96.647190,75.540970,-41.025581,36.686422,-61.815929,-93.363885,-58.690637,65.124530,
96.489644,65.298519,99.753172,47.205883,-21.598891,-64.792848,41.325000,87.969397,10.749625,-42.762845,
-5.974415,64.917091,1.961877,-24.463361,19.421524,53.404837,63.678755,20.181317,-22.063550,82.538961,
0.968711,-29.870802,57.064125,87.256823,-44.810788,6.083403,10.566822,95.450664,60.293953,-27.429843,
-45.670781,61.756174,-52.973769,-17.023785,16.632282,89.537136,-51.037571,-84.323454,-82.870755,-53.547143,
94.105234,8.824868,30.048036,-14.102423,98.083664,92.174179,-63.928235,-85.974035,87.715025,-4.250019,
47.660184,48.483895,-21.353978,45.379678,48.565145,16.606669,-56.324367,-59.687728,84.460182,93.333622,
21.853597,79.284838,19.330040,8.508894,-9.852698,79.667778,11.282108,92.562429,92.431442,42.655696,
-84.112396,-24.430790,21.110411,24.607157,-73.758920,-8.525269,-38.039584,-43.320110,-52.031685,86.051702,
-58.958187,32.084949,29.360321,75.686583,59.714206,63.480877,69.463491,-27.727955,57.789600,1.071251,
-16.284452,74.332775,10.882712,96.551968,78.359022,-0.420116,21.137451,47.088510,-16.863779,-85.598814,
27.860309,72.843094,-30.155983,31.910463,32.191082,-45.872827,-2.817072,-21.088708,99.987125,8.809833,
-5.944809,50.110485,-3.466747,-5.195468,-2.508417,8.733578,-43.523670,15.171057,62.821834,27.817077,
-95.640035,-84.145696,75.842768,88.212082,46.014674,39.616026,55.594834,17.259573,64.222369,3.464726,
-14.482929,82.946241,-84.522568,65.256800,-54.288154,0.157758,-74.784515,48.592979,-68.189207,49.859041,
20.179561,31.110626,97.629069,-22.138833,80.475715,19.255933,31.807676,99.050540,-93.481474,91.629331,
-21.310293,-8.734536,-98.549878,-69.789850,-85.069300,-28.730114,14.755929,-24.741202,-38.241425,14.111396,
-82.811926,-89.442550,-82.236751,-95.106698,-31.941191,-75.004341,57.482720,-58.096557,-70.777408,4.801621,
76.596960,-62.875220,77.350484,0.595580,70.777945,58.346419,-63.531298,31.055482,10.169736,-82.835379,
2.913158,41.475316,78.701257,-31.133701,-6.439191,16.640715,-44.036652,-41.122790,-82.019062,-81.708341,
22.498567,30.575431,-23.741375,84.075598,-9.288290,12.710577,21.857222,94.137607,-77.365744,34.524066,
-31.681342,-66.304620,-0.622297,-0.576918,86.041460,70.754996,47.622294,98.780115,42.180747,-89.689343,
61.520935,-61.896673,-97.008011,57.924692,-17.279831,85.678468,59.020589,-27.426865,-92.876227,-29.312936,
33.383462,17.806498,59.998521,-25.939572,87.116934,6.263806,48.487435,4.607268,-75.799949,14.899627,
-90.965711,85.358486,-40.849564,-37.907075,6.879885,63.113725,-96.404837,-92.082089,-86.653929,-86.841866,
-40.223126,82.379140,-73.630856,-63.535172,-39.256838,58.982458,-5.111349,-52.556062,58.092571,32.418490,
59.712000,-43.869301,56.472333,20.076239,86.440079,64.518775,-72.817045,-69.268020,-12.088829,94.649190,
-97.668766,40.764339,-67.005236,-86.622013,68.425231,-99.184315,15.330372,-15.828300,34.516020,64.883920,
-20.546378,62.895382,60.445052,-90.185586,0.541755,99.691734,25.451723,-67.787468,66.158819,-36.504556,
88.770056,87.801052,-7.690388,23.117829,73.428579,98.693340,-92.723542,84.255227,-18.711975,39.391091,
29.754714,-89.047210,66.755996,-16.987085,-71.708180,-56.231342,-71.074765,-34.778203,-39.383218,17.565740,
34.643090,24.206334,23.205264,-96.827914,-66.785254,93.173076,-58.146445,45.433901,-17.819488,-14.705028,
27.152552,-81.550888,86.901339,23.980343,-6.498196,75.241136,-21.538123,-7.360985,93.619361,24.101784,
-7.597138,-56.414949,43.284161,-84.700838,18.876742,-37.930300,38.656704,33.042049,3.934486,29.082187,
-28.358880,90.371736,50.069451,58.082117,12.411151,39.519474,90.867357,22.098876,-54.894943,47.586713,
81.268810,-64.545259,49.577201,5.689722,93.497101,-74.481703,53.407163,-0.832306,8.602336,-5.266048,
2.424886,46.351859,-72.586244,58.324994,54.197636,14.842418,81.999291,-80.049525,79.141497,85.477390,
2.130379,81.169798,-67.040149,-36.429897,-60.580515,89.366480,68.513000,83.683969,-65.732398,68.412489,
67.417805,-40.903335,-63.353680,12.644470,-2.620547,9.081364,6.725694,-58.808103,-64.849760,-92.892703,
4.859941,-10.770823,69.450269,85.591749,21.275290,50.843959,43.377821,-54.570058,-94.096545,44.092310,
89.538613,63.437478,72.168715,3.810128,-58.310284,1.911867,-24.513350,-14.891857,2.074234,-37.454789,
76.706624,-36.295915,71.936513,-97.496551,-97.078300,-11.577015,62.954866,-36.141839,-12.657801,-18.155429,
-6.680482,30.273493,56.889823,82.799984,19.619688,69.563026,85.365094,-89.548221,-93.448042,-59.097565,
56.998665,-10.896521,-14.756775,-8.208884,-57.988263,-4.299527,71.740736,32.995839,-32.551549,31.113884,
-15.386435,-19.426011,81.675499,-92.903752,-86.145431,-36.797365,99.476175,87.287785,-32.448748,-40.432509,
-25.865223,13.516309,64.163250,92.037728,66.471435,68.365182,92.712021,86.725622,85.515000,29.056794,
-54.182863,-14.794008,-76.166385,-57.869499,-36.027992,23.299746,39.021909,5.338835,51.039287,-9.709321,
-21.516757,-57.790276,-98.729000,-44.341111,29.939767,99.579511,1.010161,-51.398849,-39.137089,-64.439286,
53.446987,35.295414,-88.350141,26.459753,-66.835147,-39.957505,96.455803,24.212115,10.597557,-40.727696,
-83.097139,-24.858524,42.363155,-48.403456,-85.994208,-74.961862,48.026900,-89.603805,75.115073,38.061320,
45.710553,16.997194,-92.649674,-98.405544,-10.397684,-35.168076,91.521457,-70.453070,-77.609529,-15.128314,
56.316490,-10.427890,-60.340410,32.570281,-53.624326,-73.347800,35.796472,10.407609,82.132861,60.633837,
-61.964989,9.600781,-67.471111,-29.706312,-12.469021,24.704430,50.081256,-95.704310,57.219143,-68.873050,
-24.574321,-99.694576,53.252091,-48.829880,56.169542,-11.634404,-54.394959,0.323348,-41.728749,71.769393,
-10.331123,84.078522,24.501616,38.771064,90.538246,71.243020,58.106558,-67.451200,91.432889,-65.414284,
84.708620,81.377682,-41.579620,-52.839379,-97.583631,40.986225,29.747300,-47.682739,58.371256,-84.894927,
-21.123912,63.113641,50.697713,-76.452642,67.189850,99.465293,19.475684,-47.073916,75.830400,-54.680228,
-59.411856,-18.760144,6.457109,32.793787,-98.538098,-7.734331,80.906871,-28.577288,-54.301337,-23.926742,
88.115500,-98.966434,54.186412,-3.738874,-99.017274,20.022764,-98.601112,-89.991127,34.276217,-81.029874,
-4.319809,-90.895511,-66.605758,-41.678008,-41.401812,-28.798629,22.447162,45.668786,59.008174,78.494311,
1.017121,-48.987778,-87.011193,21.333108,-63.153731,-24.162248,-5.259804,-61.427658,94.318170,64.575825,
-2.003275,-43.123886,-20.655888,2.468872,-10.813052,-22.502886,79.693148,18.709329,-84.762774,31.552499,
-82.659283,-13.732896,66.107578,-20.197794,-32.919723,88.578638,-57.859516,70.455877,-69.113800,-7.505600,
-50.820896,-44.215743,-89.228553,86.714033,86.789080,-5.818621,56.026131,-77.899867,75.950081,-43.764389,
53.646891,87.440567,-95.269908,-73.429392,66.202402,-18.985867,27.843015,0.638684,-21.963971,-47.232037,
93.697803,78.986161,13.094204,54.357565,-97.765635,-31.688645,-64.846231,55.782616,-54.504599,62.707620,
52.078115,47.159602,16.512165,-37.460932,-63.717725,26.174294,17.210440,-72.477261,51.167722,-8.558306,
-38.487568,98.387225,-35.495756,-46.690504,-48.819314,8.488602,-5.553524,-54.532696,95.454349,-98.245649,
-95.699256,-95.196760,56.115430,92.071453,0.297899,34.963778,86.304517,46.635627,49.565387,-46.069655,
85.195298,37.410313,-45.450491,55.433932,20.372506,99.358396,-44.252985,-48.513961,-9.999171,-19.779901,
-89.091026,-58.591588,56.468037,-67.486137,-84.376492,24.252208,76.436538,-24.556555,41.715372,-10.582964,
-61.759796,54.277386,-59.765786,90.902842,36.139521,85.757983,7.156521,-10.050522,-28.810717,63.375597,
-27.269322,-93.291804,74.019070,32.919481,82.151281,-33.678380,-36.002227,78.127412,-68.870310,50.362957,
85.475695,-17.031349,35.353965,95.910919,-80.442351,-37.233186,78.923534,-48.257803,-98.515498,-81.949279,
-18.952428,88.266384,12.945403,86.250662,-80.802215,68.206308,75.665412,-61.449127,-16.871947,-86.366695,
47.347910,27.056300,-59.315197,15.581596,-59.671595,43.609082,-54.149785,-57.341006,5.838736,-48.529481,
-64.997700,88.607724,39.615678,-73.155783,-63.849201,28.828674,73.334353,9.775465,-53.619807,-13.929913,
-96.891522,-60.070702,-18.022428,59.895371,-45.281098,2.502854,56.064671,-31.300578,-44.143620,-82.127813,
82.853119,-27.112678,-25.789252,-57.323570,23.523729,-79.340695,-94.410944,-43.548240,-31.813669,71.172232,
76.208378,-58.085966,-7.097745,-29.572383,-7.914413,-86.470762,42.352600,28.286510,-12.560070,-80.347221,
60.589561,-57.679366,-51.266130,71.608767,93.835107,69.747124,7.826255,-89.988271,26.517871,-48.295756,
78.886245,-95.084108,-11.731716,-54.319438,71.855094,71.984949,92.238621,0.566222,22.666423,38.113616,
40.813882,30.839293,18.992865,-46.275794,-62.443872,12.822307,-16.130460,10.290859,-50.783744,-39.376891,
23.210014,-51.226067,79.442946,-13.865591,-30.471341,3.673401,49.050167,-93.659737,23.536306,18.247085,
80.660664,47.506227,-12.232311,-95.490506,21.570128,78.131337,34.969977,-18.655829,-52.553487,-93.260287,
-9.075209,96.414080,-20.284421,97.235094,54.683841,38.701501,39.595670,-15.321295,16.644751,87.166556,
-65.925671,35.996783,-44.364767,86.247952,-60.800698,-84.781686,-10.568242,7.225986,66.749072,75.404479,
36.221270,58.312154,-64.257546,93.847566,-37.168632,52.729076,28.308206,-88.032190,-0.291835,-81.871755,
84.258265,-55.443331,-52.086933,95.981862,26.474726,-22.515621,-45.091857,58.344619,-57.189696,67.146073,
-74.448241,-80.741013,15.290754,88.993833,51.690670,-4.245972,-36.286294,50.508760,-63.363841,-24.819167,
55.860483,-71.885969,83.660394,-41.993716,-74.959495,2.144190,-31.137286,24.575168,-37.013172,-7.700933,
-39.953441,19.584423,-60.196455,-29.950275,-24.431491,-34.005001,-0.893419,56.769026,-72.222817,59.191712,
59.643546,-18.771811,19.524243,-36.007276,-32.766170,-79.196100,40.089549,3.200172,-11.050652,70.195421,
-80.973502,90.391614,-85.460121,-40.863109,66.879381,93.398246,-79.073542,-71.375494,-94.103890,74.969410,
-48.720318,89.690423,-11.716383,75.110061,98.900836,-19.960383,-3.106861,-76.537863,-49.522483,-59.218182,
-86.703445,-52.166108,21.570598,16.584330,18.438690,18.083878,-32.133904,22.411532,-55.969860,-25.502017,
-39.752201,-78.763756,64.984787,-51.192437,91.804693,-4.308206,-42.655895,-44.252434,91.603322,86.217286,
34.290398,23.642229,97.779383,2.781833,69.025796,-2.975512,-46.004190,-73.058777,-85.367437,55.726496,
30.384177,85.679198,52.442264,-79.135108,-64.875754,77.945211,86.770640,-82.325625,31.829353,-42.499493,
-4.553935,43.591517,6.590485,-56.701311,-28.241345,-43.717866,-42.960208,97.652680,95.203487,-51.045519,
82.794129,-44.926524,95.518933,-89.576243,-90.952291,31.522228,94.420451,-22.847853,8.507435,-79.036420,
49.838871,-79.775348,-78.134097,-94.981944,57.215256,37.390034,-15.806781,-49.194130,35.694869,5.839846,
-50.593731,-46.511715,79.433441,98.807730,-22.860365,-65.404471,-65.103262,5.905321,-43.899854,-74.413299,
19.300266,-3.432658,8.798373,94.014076,24.465769,-46.314915,0.802008,-94.064111,-2.024780,-53.469759,
38.132174,-18.233448,83.886664,-53.926486,46.873794,49.343762,54.081361,89.915633,84.394602,-61.614536,
26.959398,-8.730745,-50.667304,84.060382,-99.305261,47.670717,76.821252,96.020459,46.657022,-33.255808,
10.139173,-62.800522,-31.526685,-77.184603,42.863211,-28.364440,-64.346740,11.154468,-96.613475,-2.846625,
87.950956,76.368953,-41.902262,-56.223966,-46.380315,-69.791889,81.525978,42.500552,80.934516,-19.639206,
-48.638120,-66.807379,-98.342804,45.901293,-92.399397,-48.312750,-76.622752,37.613241,81.994021,-56.413611,
-84.319140,25.000287,96.836963,-67.685033,5.224720,38.173048,-12.739574,-69.173591,36.026424,-75.188828,
-97.384739,-8.280382,37.841790,19.647740,-22.784712,93.339359,85.437428,31.544485,57.052911,-48.932555,
51.003857,-34.756543,-34.532691,21.171049,-38.791876,-21.997115,65.700468,-13.342086,46.339923,-46.957393,
0.816682,50.482379,73.083369,-64.242755,-74.289913,-33.215127,51.424180,78.983065,78.081516,-81.671748,
45.231317,71.437374,77.565387,74.644455,-75.056242,-78.167995,9.199640,-22.270869,90.330365,28.165445,
-55.557596,-72.044770,90.116250,-97.979848,29.393507,-8.311976,-66.674875,-2.914835,57.422638,-46.550913,
-10.542816,-87.895831,97.712858,-15.045413,-71.415544,58.054105,-87.007598,63.870491,89.395891,-66.821767,
32.781908,-33.889347,2.476376,-90.739875,-18.639297,-59.230174,50.389430,87.775609,22.249530,-17.987669,
98.946864,-58.232628,-83.100156,78.367944,-5.903052,-58.733462,-67.799827,-67.304475,9.520168,-71.986891,
-15.968446,-47.411051,-87.362074,56.188749,89.240471,-46.653258,-68.078545,24.956424,45.586349,-91.038724,
-27.482008,74.653105,-19.051043,77.870449,-45.107303,40.351548,-91.102772,50.648851,81.066585,-72.639993,
58.948206,-96.900579,7.926697,-15.356663,-24.934741,-40.687840,-16.700964,-96.838509,8.423014,66.356058,
-38.008996,-63.136495,-47.330824,-15.512201,-15.801839,39.718424,73.233294,-71.303322,8.784563,59.867250,
74.069229,95.991909,58.884144,-76.425677,95.853978,-90.239106,-62.111773,73.666472,88.192481,36.783270,
73.286571,-71.041549,-6.908935,1.321709,-68.467968,-14.078951,4.132927,-62.265289,23.701516,-9.417008,
-62.492704,13.811962,-48.246577,-77.037848,70.819580,76.863678,43.263879,0.327185,54.913876,18.357911,
50.607847,32.200002,69.191824,-3.613420,-11.196498,-30.996334,-19.254798,-21.329040,47.105554,64.807745,
-86.910864,59.886887,95.326193,-49.216607,43.359452,71.972860,-62.719122,-21.447703,-13.805556,-23.560427,
-31.639664,37.964624,62.876604,77.281417,35.533955,-12.339891,93.835990,-63.876494,-37.335788,-19.912506,
-82.030566,19.085324,24.656480,42.442959,38.714598,7.479622,95.564168,26.845168,-66.467314,-20.957479,
5.618029,70.717917,-65.592539,-29.852221,-51.115174,-95.939442,-6.888053,-36.934543,70.011622,45.731528,
61.881265,-97.660050,-46.168719,-49.465670,-14.855776,63.441431,-12.988354,-74.047224,-22.495345,9.466332,
-72.132461,-54.880699,-73.218443,-78.334068,63.268957,-55.176500,21.859631,-91.378800,-92.270653,83.550548,
-36.585027,-22.427375,-90.042109,-56.087311,21.758001,-91.039892,-87.891180,-89.743770,-65.068810,21.138932,
-4.047817,-43.834791,29.305859,-5.246230,30.945096,-56.823709,-84.722852,-90.405175,-87.038654,-40.749886,
-13.451045,34.357761,29.249222,-3.474128,71.726113,36.767921,-25.477553,32.140657,66.467296,-4.075950,
-37.004702,-93.884275,-12.432171,0.704350,51.994727,69.117630,39.857899,-61.539522,-22.417773,-22.577669,
-37.047160,15.395896,84.152766,45.270389,-35.140818,28.511322,-93.864422,-59.288620,12.065306,-26.967074,
27.345338,50.728548,-92.345985,-53.234649,-8.184384,-11.808855,40.363844,-81.453853,69.647547,26.341492,
85.559116,-24.617529,-42.831527,-1.140686,22.897226,-76.613554,-20.823563,-61.277264,-28.726915,66.123738,
-48.037396,-73.221718,65.596286,95.825010,-10.641588,-83.533373,67.396692,-84.592844,-7.443925,-76.762753,
-51.187162,85.545414,56.685762,38.929518,-62.395282,36.765503,55.400020,94.158526,93.132358,82.312965,
-42.091327,56.388459,38.215418,-11.724929,-38.042211,26.441925,17.294838,-43.615434,19.658151,-89.203474,
32.227973,-41.954091,56.991830,53.705326,75.729039,-32.328767,-88.207517,-60.258601,78.873532,-14.248744,
-77.463967,89.774468,-56.870471,54.180400,59.650901,-54.999298,94.743749,-86.482529,44.372174,-11.048657,
-38.863208,64.244581,99.496174,50.972651,-38.608993,77.550941,-50.844789,-34.144677,-9.848904,21.727527,
-17.149244,46.315652,98.916570,-75.342879,53.809539,-67.948172,89.995888,-96.920048,55.354399,-81.785664,
-43.046416,89.395319,-53.520867,70.451059,-90.489026,92.269608,-43.447719,-98.199627,21.417141,87.004450,
-40.079473,-67.390301,-83.559969,-39.732214,-76.072764,84.418911,38.508455,-25.978191,58.791749,53.993677,
-28.285828,49.375491,13.237276,-38.719893,-94.290509,53.808254,71.446299,-72.179484,18.442896,17.315031,
-39.081343,-51.677992,-45.383440,19.476771,-26.104236,-85.495028,-40.277839,-38.022063,32.041675,-36.227376,
38.207138,66.861300,28.671313,-52.815292,-96.711928,-13.898125,-90.969614,42.868979,-29.404089,-10.384339,
60.851809,-41.360267,-96.175901,-27.240972,67.675756,-21.489033,-77.884914,57.553464,33.166992,-43.057792,
-57.930036,-26.938088,92.007333,22.647399,-31.341351,63.833054,49.616524,25.834725,-61.153793,-35.819100,
-25.236812,-73.818309,15.264496,-90.461207,70.556051,-30.593546,18.654035,-40.778716,61.251159,93.749938,
-82.386080,18.095077,-30.493487,81.691900,-95.580790,-4.369551,-58.943554,2.947673,3.619437,-22.692360,
96.929381,-68.705327,-95.975511,64.493130,-1.488754,-30.320528,-4.453773,94.689697,-33.726892,23.602087,
-72.343893,81.489689,13.395944,62.378623,7.479260,88.123730,-25.444745,-29.618352,6.148095,-27.250845,
42.922143,-66.965882,-31.148872,19.366422,32.418311,79.648845,34.497998,-49.492908,-35.666136,40.903640,
58.386702,91.086691,-96.086558,73.584014,-21.236178,-36.013068,87.264416,95.986693,99.594813,99.392991,
-9.550376,29.164300,-23.202355,42.889310,-4.665232,-11.954018,-24.090368,37.100558,99.727172,-55.457778,
67.547521,53.754293,30.902164,2.223897,32.688233,44.433664,-1.716682,-85.422294,-89.457609,28.253218,
76.266918,32.278028,14.349721,55.906096,92.893232,-72.536027,-72.890427,-85.447189,-2.750304,80.721680,
-67.624151,-27.927604,2.658626,-14.017267,-86.043493,-37.259956,12.839236,-45.503168,60.383736,-82.118101,
-32.286716,-30.207919,-35.174908,33.026613,-33.517674,65.716107,-14.651871,-52.658692,24.105692,62.966589,
-83.432837,-83.651409,-24.066292,-47.793225,-13.349674,-82.810171,7.845233,17.306468,-93.659268,76.350264,
-9.406233,-41.027851,55.992773,-94.899914,11.196286,-84.411782,-67.304182,93.110200,74.665634,-93.136442,
-8.816032,92.139581,-75.439838,74.995113,-97.011022,75.730531,-82.001368,-33.883908,-71.959906,93.092064,
45.386120,0.481886,-87.782131,62.989276,27.035139,-50.082718,64.380119,-92.160123,92.872786,92.965131,
77.566230,64.438347,-52.633475,13.634830,42.898321,30.553627,-77.228858,-12.009078,11.684308,-54.641912,
-54.249212,2.537554,-88.396345,24.591122,-89.430758,-18.508682,82.350894,14.500068,-69.165106,17.339845,
92.295079,7.675831,73.530060,75.223495,34.030745,-44.856004,-42.418727,39.721034,24.962333,-30.816235,
64.510939,2.990423,5.395499,11.406115,-37.903714,75.686565,45.925896,32.616221,87.243312,-24.058305,
-16.622647,-20.908529,92.769115,-24.577412,-16.988995,92.493520,-66.064376,42.928523,57.006131,-42.195501,
88.228880,68.893514,-26.697552,-3.369144,18.054957,-72.150296,-51.326586,-21.782786,-86.809095,-79.336045,
-62.902249,22.934251,46.507323,18.649015,-30.238639,27.262271,66.842946,92.136070,22.100942,5.393402,
-83.529924,-64.735600,48.168841,13.116710,16.562296,94.624876,-70.589132,-7.280667,57.874987,39.589534,
40.302419,-52.068633,68.651470,53.999268,96.670079,-21.958173,62.776439,39.245273,43.974264,54.157830,
-5.542492,74.392354,65.331413,93.978134,-72.922441,-37.209717,-28.836817,-75.179852,91.986440,-81.399629,
-37.726701,58.316133,97.565626,-94.894726,-6.805054,-14.327634,-34.531207,30.542397,5.665152,70.002379,
-45.318551,2.960189,-67.957652,-8.935894,-44.575605,-59.196975,-8.246399,-42.589943,-43.166140,66.814700,
-14.956070,-92.410670,-29.732877,18.458593,-23.987626,-82.139018,68.241781,60.005908,-51.824797,-82.240070,
79.805583,-98.292576,61.086541,-19.519469,-48.692255,-79.154607,-56.109470,-31.177473,-4.049718,72.337320,
-38.817192,43.598444,92.287581,60.741883,-40.366055,-81.674510,36.502330,-60.423043,-11.689552,-50.476853,
93.057266,23.327117,9.872113,5.953538,31.781463,3.753886,-46.024074,7.185256,38.350381,29.645779,
63.258428,-80.496135,-27.755774,24.530664,-94.068770,-42.611422,-87.310209,45.354715,-12.219291,6.958711,
16.394459,55.499473,50.077971,32.889684,-15.496735,70.797740,-14.673310,-71.405783,-78.603757,28.389077,
8.957220,-21.394242,3.151825,-46.698922,14.779709,-60.923162,55.170307,-10.179903,-58.718372,-55.988723,
34.020919,-15.034900,-28.236513,95.643265,-52.702264,87.741481,-7.769042,-19.621825,-30.393348,45.232591,
68.053971,18.747504,43.323694,-92.005152,-61.189828,21.421473,91.695423,8.077471,1.919855,68.385985,
27.609689,-12.189681,85.646395,-94.414458,-79.002421,3.366212,99.059330,-76.247899,42.917366,-2.279662,
0.830471,-91.108539,92.978845,3.550801,50.581778,89.499095,-31.904368,35.061152,-56.576139,58.191520,
-39.661287,-73.960281,33.166442,9.586027,30.900776,10.279137,-63.756117,83.275028,-3.379564,-49.054112,
98.790793,25.348501,57.394194,-81.663398,0.799839,41.594209,-70.934096,-93.225238,7.700171,-26.560701,
-23.160319,65.731102,64.435579,-0.574283,-79.597933,4.578608,50.653409,-74.154697,41.541538,11.300861,
20.207880,-34.855506,-0.084932,34.222513,38.449204,-33.116585,4.900230,45.673673,-29.580946,5.908925,
-62.622033,-33.953836,-42.597005,-57.157964,90.122334,32.727663,-60.976127,-46.813253,5.088400,-96.442561,
3.683031,-89.407134,74.889995,-85.900873,0.489945,16.404260,72.470025,-92.482369,96.793679,-34.280371,
9.058466,-10.759347,-79.368016,-80.890668,93.103494,46.166445,-74.397087,8.126055,-70.358338,99.570661,
26.615015,-74.687918,-27.047328,57.889546,34.748097,-85.844197,64.339322,-27.595879,-63.932550,-45.246894,
-49.214116,87.066412,60.821125,-33.070022,71.680527,60.201876,-99.314530,79.144762,-36.859620,61.296384,
-86.725695,-82.321765,-9.446291,-56.852406,-17.213839,-3.112582,-98.775585,-31.541312,16.503433,45.089594,
-25.769567,98.297177,-42.564844,-92.006601,-62.928227,29.344120,-91.276550,4.020867,-85.209224,-73.259411,
-44.506712,-46.949623,40.296852,24.287718,84.382324,-45.588262,-62.021807,-95.324239,69.727754,-99.579191,
-91.596857,-34.999059,74.270177,26.828926,-35.676287,63.107253,-94.792532,75.141086,49.750713,-35.800361,
-63.026133,-44.890744,-69.377200,-54.015304,7.590442,94.610149,-50.892313,-95.553358,-69.884463,99.390443,
56.966295,-82.931455,-76.577415,-72.228801,-75.542078,53.090080,-61.658405,3.467167,38.863185,9.539299,
57.663033,-56.423951,-29.781150,24.433697,-95.275288,35.418119,75.093696,-33.138676,-11.471823,-87.883837,
-78.372810,-88.388439,96.080819,-44.820876,14.583455,78.460462,98.073606,-52.686817,-72.591193,-52.087343,
-14.685163,-84.397362,-47.058333,46.535619,-58.881265,-18.555393,11.331447,-93.367762,82.893753,8.182044,
13.554293,-0.887751,-8.505639,-5.547707,-73.228328,-5.253132,36.185505,99.717682,-42.821325,-63.449421,
85.156868,-40.796777,25.601275,19.329185,-9.412258,-19.698943,-71.712828,51.138387,17.921616,-42.177492,
1.331101,-49.489223,-6.642524,17.962334,15.291689,25.551357,17.298116,55.066531,13.014953,-15.208332,
39.267996,63.093926,34.169999,8.643003,10.257361,-2.895887,-16.880788,-23.381492,-57.322842,86.217527,
-44.539861,20.742930,83.115534,79.497765,21.914958,-84.809318,-1.203938,-28.812701,-34.555167,-79.825139,
16.300183,-71.889001,25.755135,18.110977,45.077966,43.481711,-83.139960,27.668229,-46.686556,-34.988980,
-87.903016,-28.372357,5.032284,-36.355364,29.622783,6.723175,5.537645,90.497665,-56.538566,-71.812428,
22.783718,-40.848568,96.947331,-91.267935,-32.370027,29.013587,56.134480,1.692109,58.902488,-43.303184,
55.225287,38.645979,68.292134,6.109119,-11.351465,-92.748963,-40.295174,87.875151,6.407431,47.368920,
83.190546,18.955527,-15.191929,-94.194472,-11.289815,6.196334,91.528564,-26.710350,-43.381978,29.797874,
34.659065,86.393709,-50.666055,52.288090,-23.564782,81.051688,-8.705325,-66.666953,66.229355,80.900887,
-95.758179,7.099227,61.341427,86.697892,-20.771501,-45.345421,99.900425,-40.731609,99.022432,-96.776359,
-51.745202,-75.871346,7.013538,87.304273,43.167731,30.612002,70.408532,-86.562997,-86.844850,29.639504,
17.548992,78.720008,-57.511399,-45.587419,-84.345688,70.962356,-66.934077,54.995287,-98.154275,-79.089488,
-81.660464,-2.875865,2.647130,-97.362039,81.571478,-41.778634,-57.893241,81.533665,31.974985,44.016970,
-72.634458,80.715018,86.073376,-66.226693,-7.616087,34.044884,37.626160,13.802995,-87.455066,-38.432229,
36.584296,-26.139088,-13.003964,-66.092823,-30.366668,93.956009,-23.868051,-26.164345,-39.214652,1.734015,
-7.007492,-25.583761,-72.812876,46.638289,-22.732409,-28.819674,57.222167,28.496082,96.186609,75.958885,
-36.029410,-92.600403,57.355713,80.908446,-0.455529,12.472639,-56.538682,98.737511,64.139689,1.853253,
28.572042,-32.356993,37.548960,14.186789,56.829155,-13.964366,55.790014,2.012140,6.135898,30.749748,
94.460631,-80.536809,-31.563052,69.713435,-68.789825,-50.675162,78.391421,-4.109968,45.625706,85.695667,
-91.801814,-77.435425,82.947818,2.955616,86.461352,-85.305519,-19.970916,93.251697,64.868782,-30.003057,
-99.235205,85.056315,79.176600,-6.520052,-80.208934,75.393680,67.716452,34.699134,73.374693,83.384255,
-27.040440,-84.472865,91.749199,-37.121840,31.859536,82.584069,3.809680,95.069555,5.325905,8.874718,
65.797214,19.272221,60.526753,-70.023216,36.073109,-82.542391,-68.259025,63.635488,28.666192,-10.243178,
-82.690741,3.534569,70.487400,81.237745,-34.717742,80.266000,-65.756709,8.828107,61.455727,5.951738,
85.260844,19.285131,81.107310,56.998042,93.894778,58.081777,-95.349086,49.654696,-20.883725,-14.982614,
-60.476142,-62.109407,64.527412,62.316476,72.456429,-96.011914,69.581423,-49.821142,84.366919,-97.968997,
-71.041871,-67.779956,-51.994404,93.506477,44.085067,61.900081,-49.046860,76.799864,-91.444094,33.546444,
-11.212645,-53.830979,-78.996721,-6.599010,-55.586394,79.982475,-16.183947,11.701771,-24.527626,55.584230,
-53.059599,-69.042541,37.891916,91.060940,84.851847,-58.416242,-76.027633,-5.177465,95.117263,-49.511131,
-31.962868,82.497828,22.972936,-42.573595,76.752436,-97.079650,-8.012264,-37.757676,8.005132,44.272396,
43.516954,66.734717,32.570269,-58.067436,-11.842506,-45.549962,-44.567968,57.869985,68.247038,-62.702863,
-89.550934,-5.617433,-93.033370,18.834720,75.096464,-3.627391,15.753119,0.963261,52.931662,-77.787808,
-71.454993,22.376869,-6.485677,-17.461130,32.384428,-2.377356,83.509995,-11.571319,-37.424282,66.983649,
-59.334468,96.429455,9.658768,-22.046601,62.370867,-34.061878,-75.668899,-40.490265,-4.040094,-69.765046,
-19.944532,67.566735,-47.588545,94.045092,-46.437644,52.909894,81.764751,42.412602,-1.869399,-52.356920,
-11.419035,30.398536,17.973414,-35.739450,-5.004634,29.742408,74.603255,20.983082,32.453685,-96.614357,
60.566817,34.395828,25.908086,64.493806,81.896897,-98.594325,31.060010,-27.303172,-78.512936,-61.549602,
27.683781,17.283701,-78.125562,96.434198,19.720877,-56.644921,-33.236900,95.569522,77.094812,-91.054011,
57.357734,94.046496,89.809547,43.218673,-77.077737,-94.313589,-84.637085,-17.569435,63.151566,23.307313,
20.481111,-34.307680,76.334153,25.607836,-16.387987,-1.018732,-24.913755,85.416833,-20.640229,-4.126401,
-81.592118,79.419962,77.692141,-20.516302,10.532273,-85.030007,33.138577,-97.887745,1.340083,58.198252,
-69.320441,-57.789806,-43.262984,41.303402,-34.336670,-56.698237,-37.534149,6.995831,-26.896806,-37.331882,
-4.751144,59.077943,19.021234,-89.069080,-2.086993,76.712139,97.552173,-30.301732,-35.820893,-33.587760,
-25.463143,31.961487,16.410579,12.309693,-62.477561,-84.699306,-66.050370,-89.405876,-35.611654,19.704847,
82.037235,74.716817,48.693281,-67.577100,-17.498039,-87.329672,9.898033,67.847307,32.921092,25.403490,
-93.179357,74.669417,-58.930013,-27.711922,-38.175877,37.097173,40.287547,13.840769,-54.801127,-41.612751,
96.579362,55.285615,-53.569170,-92.443720,18.788995,-94.365595,-31.734780,5.080727,21.749966,93.204119,
89.198605,59.809029,30.117133,-30.077397,-97.949989,79.621136,-25.334480,-33.236503,-38.431845,-52.115273,
-32.436457,9.422366,70.125453,8.166358,48.518798,-94.331345,81.871390,-32.987506,-2.436296,47.180909,
-85.861562,-55.988024,-19.264983,-40.252682,-92.828443,55.900429,-80.964304,-27.985288,89.481873,-85.002241,
55.200561,-17.944177,97.061725,72.599884,9.414166,11.836307,59.560819,25.393972,45.368101,-59.656092,
90.310041,48.878157,66.889130,-99.613335,80.694318,51.579871,40.674590,56.430259,4.260128,20.711645,
36.829230,-71.235931,-74.884488,61.041506,68.581814,-56.615579,-5.643300,-22.222172,-89.217071,54.408750,
-19.620931,-83.245826,32.209997,13.730832,26.283697,15.449442,-18.361133,-93.866013,15.008133,53.736146,
80.585726,19.870836,1.406701,-98.587185,-41.552910,-26.191787,-52.639376,19.202809,50.643431,75.159222,
-28.744998,15.902407,58.389249,-88.107829,-72.897737,58.393000,11.120228,46.552218,-96.848864,-1.320806,
83.255667,66.678400,-5.641785,63.447598,9.597324,-23.494148,72.455765,99.166740,-59.779778,48.213620,
93.260664,91.068539,-94.967476,74.156830,60.455200,-39.775375,-46.840137,-41.646918,64.428720,-3.417065,
24.199715,43.850881,98.385314,36.484909,33.747314,73.509994,-30.256966,-34.603523,-86.900968,-86.062406,
45.036140,-73.828672,-44.965041,-62.435386,99.921529,72.795519,-47.237053,58.430010,-65.450947,-28.035587,
-39.841751,48.848224,83.997965,18.434240,47.404457,93.331304,53.385421,69.432884,33.178005,11.874562,
33.753157,-20.852995,8.534331,-45.751832,76.326363,-14.585416,-1.119665,42.827454,-0.702524,-26.880275,
60.889201,69.277620,-2.669102,-1.517107,-69.127482,19.819382,12.468009,-96.243739,-26.149743,-88.917281,
-68.644137,-77.643778,16.759793,30.960457,-46.714551,83.479934,-75.631607,67.490332,-0.772245,-58.135279,
79.830379,25.973280,-33.221642,28.813881,5.108418,-22.866380,89.178688,-15.577778,63.488352,14.019435,
-84.348299,-32.785432,-59.708799,15.360168,95.425607,-13.350293,-61.423449,-96.463781,32.086810,66.055344,
-81.442214,95.382984,25.550489,-69.483277,-67.949603,52.570369,13.286467,-82.309293,-69.448547,53.161257,
-44.582132,-79.977704,84.427205,5.343660,89.615807,61.973372,-72.033391,18.665984,46.975631,-25.771829,
8.621013,-86.759789,9.858239,-26.142881,-99.003355,-47.255266,-77.649712,-59.400008,22.919277,-32.168918,
85.816426,92.476607,7.374812,93.241812,-45.491995,96.978419,58.101289,-90.601170,32.657474,-12.777138,
76.751491,85.261375,26.824255,-20.353859,80.311977,-80.286040,-29.641960,-98.016595,99.489763,88.895173,
-26.229329,-66.051292,72.659515,-81.208728,-62.292050,46.213134,28.736843,69.711268,-19.213794,37.517460,
95.697691,91.720972,-95.479297,-97.086125,-26.157333,-37.467819,-22.453970,-27.703369,49.480440,30.203212,
-61.050605,-51.425809,-58.874032,-0.511620,10.390124,10.083127,39.456879,96.018877,-59.654468,-16.021715,
95.615013,80.768096,-10.795820,-3.982343,-8.244119,-61.367664,54.457211,24.103285,-70.642021,-55.468007,
57.374295,-57.822653,22.876353,19.717370,72.365392,-76.374218,8.920575,-66.696111,-7.712819,65.715887,
-79.643813,-20.566893,2.575090,-53.508718,7.147768,11.023460,70.707461,-96.731672,16.044292,33.134055,
80.763438,-27.204495,57.512981,-53.708625,97.515484,52.052923,49.670848,45.226754,-74.024926,50.010749,
26.238425,-33.939332,-3.192622,-18.016993,-31.614046,72.531726,9.445264,-96.511093,5.526702,-71.868094,
-32.613386,98.149369,97.121723,25.182572,-39.729810,-92.592593,-4.044396,-82.043819,60.525516,-99.051299,
68.065329,1.164613,-40.807598,-6.881393,68.687433,56.228808,14.807264,-58.601977,-12.718101,-16.413790,
68.794344,85.104278,-88.077325,-99.635600,66.276868,64.817435,-57.917621,30.388080,91.975065,-49.782847,
-29.308905,23.960234,44.956216,-90.739485,89.946863,17.342640,-30.253768,89.521979,93.389268,9.206278,
25.329634,17.750950,-57.513733,-50.458642,-51.121445,46.818870,-99.397075,91.870293,-12.752676,-85.851333,
34.833978,7.750967,30.094424,-80.182499,-8.031279,82.192049,-76.262675,21.885355,53.180926,-90.595138,
-30.730073,-31.543696,-94.648295,28.727387,-12.199387,-50.159387,-93.898266,93.861155,50.771785,-68.462043,
53.348539,-33.313815,-70.099446,-8.239473,-46.263597,0.236768,76.919689,13.629200,-52.419158,-10.655995,
-66.954330,-93.322898,-19.790185,44.450590,-36.801064,55.603330,-28.873729,-35.429887,2.280528,83.050467,
-34.816288,68.579395,43.040379,69.642094,-10.256153,40.599455,-73.751238,-36.361075,2.772631,-47.462267,
31.663349,44.962657,-77.438555,-20.160904,78.112642,-28.091303,-67.753064,2.296116,54.315084,-43.892628,
75.283141,-61.903147,-79.734930,25.264607,-38.948475,49.078327,-69.223936,96.550550,-9.340538,73.908597,
-55.476869,-3.017190,64.757767,67.318937,49.497267,37.722947,64.135985,9.802598,-62.880779,63.062894,
61.843153,-1.901451,-0.436106,38.362176,82.077916,28.840834,-69.092093,-42.871771,-46.788441,-31.053141,
-40.100827,59.717380,21.429678,72.074867,69.533043,-0.414755,42.513516,-89.199703,57.657283,-10.481248,
-37.414638,27.876784,51.810693,-13.447066,4.990841,-69.757296,-25.575117,-69.838974,97.888207,4.071823,
-82.182809,-28.764687,23.509164,75.058528,16.160129,-92.896009,-16.189633,10.080344,-61.638663,-59.823540,
55.589094,0.107337,-84.846601,-19.449695,62.781954,38.817920,-56.856902,13.465591,23.613488,-59.881419,
74.410276,-69.696554,87.391975,57.098408,80.630020,-2.630686,-25.272180,-65.030474,-18.370501,-1.539607,
-36.207100,-76.761254,-25.685242,25.255273,-61.005446,17.537594,-11.754980,42.894865,-51.103157,-99.071931,
99.732054,20.615580,-87.662438,91.437231,92.419824,-94.819723,32.090591,-42.516523,-15.650836,-79.527835,
58.495309,28.217659,-24.873100,-78.826293,92.233759,57.014601,28.984481,61.532715,40.564385,61.449126,
1.164119,-69.217470,4.500488,-49.996323,-35.096116,28.749701,68.893870,-11.550740,29.523721,15.711980,
-61.481841,-2.447649,94.373577,40.533947,-76.290183,6.218902,72.030525,74.044731,18.536380,-46.648237,
46.403270,-21.247770,69.629110,-60.438549,18.910665,-95.086087,-34.907938,-22.766583,95.887656,-71.337177,
12.136996,-20.649169,-14.233234,-55.109150,13.597650,21.680498,95.763073,-78.284254,-78.433418,17.970786,
65.739989,15.557867,-27.594624,-34.572692,-5.780901,42.793485,-71.617921,-31.572002,-89.615886,-26.338666,
-49.223440,-72.137567,-85.969296,-66.007385,20.047788,-93.800102,62.633545,-1.264036,-99.061422,36.400072,
77.166592,-68.071059,-46.102533,63.431230,97.504446,-98.898303,66.101781,85.569314,33.369331,83.074509,
8.160278,-61.640526,73.180776,-52.101995,26.427661,-42.038419,39.456652,22.712305,-13.660432,28.617604,
-56.784175,-76.315172,60.382087,57.771767,-56.561515,92.494474,3.293049,7.938255,58.454268,-44.701559,
-92.737768,-95.291944,0.481390,16.597867,0.424322,-18.295154,47.070488,87.057987,2.344398,77.270739,
-29.463071,97.053716,37.373126,-23.952337,-46.679675,82.062624,63.377079,-4.736434,22.774881,27.634914,
10.662018,-99.666381,-18.795460,-93.794599,85.725044,-87.859933,-58.896022,-59.802734,-58.180448,-13.379466,
11.218728,-62.267927,-45.828450,70.819564,82.732294,9.065913,-47.907998,97.265826,70.627012,91.658861,
-9.666593,24.788403,43.477523,52.974728,-94.608624,-91.840004,-9.375630,-15.497371,-56.836266,36.644928,
-46.345765,-45.513230,43.396751,71.517609,-16.225942,19.288979,14.325616,48.519231,-82.698007,-5.207410,
-87.852711,82.236306,41.725730,-75.072515,-86.888571,-17.823804,44.845601,17.964005,-21.774125,-25.992898,
-48.576360,-11.707682,-66.514129,99.133397,79.065456,-34.030121,40.903113,19.963394,63.860566,42.722639,
-24.565020,16.825842,63.280169,82.699841,-21.317064,-46.269600,-91.995427,-87.284116,26.320618,-79.727211,
-27.459371,-89.571976,-11.836143,-11.194448,-19.411908,-26.185436,14.599750,56.199592,46.184328,1.684653,
-13.117395,70.227370,-52.845920,99.657490,38.317700,88.635623,-71.932746,-81.482175,-15.844133,47.749541,
-16.287811,60.635576,39.636634,-74.569804,-53.574164,24.762183,-59.072604,-8.776695,-53.679458,41.181073,
-82.411584,-94.758527,-48.142268,1.985443,-47.987804,6.854639,79.532205,26.054863,-59.037656,84.528741,
-44.036864,-76.941221,90.648900,0.415571,-80.489173,92.603560,71.124085,-83.454347,-99.926335,-15.396844,
-90.985095,98.434884,63.226405,29.575023,-70.454773,96.821813,-53.418403,-73.373017,88.805769,-60.780043,
12.742940,-10.435831,88.545864,47.787748,65.314714,32.458339,-63.571657,98.355464,1.843457,-17.966792,
-77.286111,-21.526444,70.037980,3.530961,41.060210,-57.499156,-85.701414,4.877157,-56.628644,11.011228,
-44.463152,-88.816379,99.023857,22.806920,-90.999640,-61.275402,82.984644,1.723969,-40.231605,-40.745790,
-25.362888,-72.879286,95.687363,55.238484,-37.300164,56.501090,-50.243504,-37.101219,-89.885825,-43.762383,
65.135089,34.464638,30.708432,-18.936320,-23.964199,-23.416030,95.699608,-40.114245,-26.786961,84.558691,
-61.746091,91.902113,-66.929396,79.971371,-89.716951,94.210667,46.357439,-95.786606,-14.041944,-32.753829,
-18.471463,-44.534388,11.376990,95.554986,-80.036729,-82.456724,62.440118,-23.179753,-37.659017,45.230785,
4.511468,-80.806799,-49.521784,70.752476,-35.015527,-65.616494,94.636114,7.314175,-49.897580,62.847458,
52.221434,76.712705,62.352473,-75.840913,-28.049112,-2.346787,-66.406858,-45.566451,-32.166559,25.052540,
41.689521,-81.393055,72.830771,-56.323013,-41.824604,60.984917,-8.114130,79.355653,-48.209538,73.883751,
55.256000,-50.768649,41.063235,-68.577208,90.671046,23.175319,-97.668165,15.467221,74.382448,72.443662,
-24.795970,83.740650,77.891278,8.711192,69.809862,-21.361717,-15.546560,16.493834,-68.045714,-90.184140,
52.844570,-59.302783,-70.421562,-18.853743,-21.557064,-65.881418,82.635207,64.173764,39.232605,-8.647895,
25.211293,-47.896740,-13.486144,88.660815,91.651082,5.502613,-53.476321,-39.431764,80.519083,-72.021900,
-38.048368,-47.708786,43.916619,-3.718305,-19.164508,5.766597,96.891007,-98.299077,65.919343,-70.133251,
89.174532,-37.376561,40.320882,-17.995024,82.938378,-54.404852,-47.788373,62.194151,35.109553,74.423640,
53.451125,20.931261,-57.622907,-51.575049,-27.200200,97.753342,14.622151,55.863791,-70.599114,-76.990872,
-26.192481,61.096162,-26.368934,-34.308286,90.944705,-62.099921,85.554565,63.595907,36.180984,-50.136617,
24.283926,-63.168379,-27.567183,-97.437635,-66.022453,-17.977551,84.823814,7.632819,56.193921,2.091547,
-8.349352,-44.596611,-95.080650,42.316115,-99.388056,10.418399,-74.752659,-57.955962,-14.516527,5.581713,
-18.126675,74.684154,27.902367,-18.983806,-97.969908,22.853878,-29.940131,6.486083,5.019176,82.792532,
