-92.658059,-14.123381,-72.119516,-91.418189,26.398295,36.494744,16.555190,-85.430056,77.588046,-14.779142,
-76.462529,90.005000,59.769977,91.623339,-75.840598,-21.859382,-36.874809,-23.456532,41.866214,-70.026888,
19.237586,83.632628,32.969487,-74.244387,-13.671772,-90.630751,2.165279,-75.605792,-75.961951,-81.788099,
-38.476884,-68.319250,84.388111,-70.818900,97.755013,12.659828,-61.817355,52.821218,-9.435527,-57.841056,
-68.278575,10.570743,-23.985490,-23.493652,26.154306,84.816772,2.189140,-7.583559,-76.582002,55.624716,
53.808159,57.314161,67.130944,-24.437826,-3.986425,-70.092704,19.190067,81.164895,-44.130279,-54.579700,
-34.140916,-47.864191,0.008848,0.756469,88.001397,-66.421824,-56.269408,-86.063327,81.250864,67.945399,
45.270934,-92.386302,75.023434,-77.036787,-35.744546,86.071450,54.779988,-7.436196,-72.055300,62.399436,
-3.871639,-98.329887,-79.743623,-39.118205,-72.354880,-11.690561,90.733616,-17.730012,-6.680259,-79.019048,
-84.080104,73.810489,-76.335988,92.532191,-84.535626,0.115185,79.673201,-70.521148,-40.357600,22.841885,
24.359250,22.032903,-54.559539,-3.348779,78.380632,-22.661781,-12.931324,-71.226026,5.209523,-93.193243,
84.103804,58.636613,-89.221568,-83.052072,8.123852,-48.317254,30.359520,29.664166,-42.374846,-37.684563,
15.832225,71.602002,64.585310,-70.842524,34.817694,-13.691517,-70.411538,2.963025,35.774563,-20.582265,
63.529181,68.847389,30.726180,-58.486580,-80.999300,23.611693,-70.672853,-90.684138,54.500202,-14.841740,
15.761036,72.970796,93.913759,-5.713758,65.258060,-97.291357,3.573809,51.454303,53.702332,46.484950,
-9.424699,-48.903122,-75.406790,-22.747406,17.058860,-35.872861,-5.718692,58.490567,71.188849,64.250960,
76.683031,-67.414667,89.206828,-14.744910,33.426618,35.585272,79.063600,68.135750,97.424969,-4.981865,
-25.038997,19.499831,-32.868569,-54.854619,21.429436,37.823686,62.136728,-40.752927,82.570451,-43.439067,
74.653701,-85.155260,-53.351458,89.082448,-48.057069,-6.394165,72.676184,64.866855,-17.304346,63.717406,
-43.221575,-78.427391,95.186296,94.895229,39.545925,-64.450133,-0.732625,42.883144,-43.027063,-32.397449,
-41.761508,-14.713031,51.340376,82.792942,20.273217,-42.662389,47.890998,90.986781,-11.111410,-78.294053,
55.015873,-9.558364,-89.067372,86.057550,50.850872,-1.526411,-81.821819,19.322392,-71.628993,98.728500,
8.018665,-96.104984,92.967449,29.670297,6.529649,-45.565882,96.801366,-95.801243,-93.721277,8.663068,
75.662558,83.464847,-67.166755,50.146212,50.445205,14.904843,-37.722784,-17.040071,-13.963466,-42.071389,
-91.978115,8.384411,-51.156651,-19.419345,55.679625,67.553195,-15.347080,60.664766,-70.940669,-72.776582,
66.497748,33.868465,-8.731761,-82.554427,28.360068,-97.463709,-28.821237,70.019916,-19.913266,89.242885,
71.421654,-60.267652,41.865135,38.280970,37.691726,-7.675146,-92.732155,-83.562480,62.483438,26.230164,
96.108934,9.691476,66.278931,-29.417290,59.716152,-28.468950,-12.610041,-81.033570,37.039788,91.352518,
30.396707,-93.117486,99.421468,-18.828072,39.651561,-61.366311,11.147121,83.897703,76.058757,-72.604649,
83.366538,-28.079262,9.898875,-57.044559,43.693458,-20.314007,-78.483954,81.946870,-30.001226,74.215155,
84.365471,84.118036,12.703799,-57.803623,93.340559,24.258049,-23.706645,-1.067363,39.477826,67.487356,
64.206454,-1.036907,-24.248357,-11.185723,2.823073,-72.437836,-26.676389,-41.265454,-82.413803,-25.553477,
-17.817303,74.288330,-68.046146,8.436685,-29.711427,16.466639,-10.224521,-46.976753,-91.184960,-71.053386,
-0.722715,-59.236324,35.451160,69.585496,-90.179884,87.864558,43.623481,42.004903,64.411230,80.773484,
3.401883,-84.022217,-13.364651,-39.689677,55.654183,55.061635,-76.466360,-34.308882,-15.688404,-62.085427,
76.069128,59.474160,-63.708031,83.611038,-95.774067,-96.445430,0.958441,1.019140,65.438384,74.317213,
-88.712799,-90.618567,-96.660711,-99.751076,-35.258245,-52.324650,-36.314119,58.696430,-93.914928,-47.683561,
3.376725,-37.548924,-43.378540,-32.295036,-44.481895,-62.257791,-80.517095,5.349484,93.298666,48.146978,
-19.286663,15.246009,88.094366,-49.266018,-80.402416,53.060199,63.668769,22.345585,-50.902454,-34.115629,
-25.137152,66.053129,17.316743,4.738229,67.572181,-42.251950,-70.585263,36.984423,61.624782,43.472114,
78.211123,-18.144128,-35.355794,-29.254862,6.770980,-88.195531,4.720499,-14.689896,-89.445037,69.443612,
-54.677910,77.067959,46.556378,-13.146126,-97.664232,-79.292066,-97.201306,-92.855162,2.219195,52.623350,
-37.345368,-85.977666,55.690563,-62.221330,30.154172,-15.405481,17.291974,-14.551089,-41.062504,49.055199,
-36.394713,29.954086,52.729959,59.670131,61.047043,-53.582515,-71.124656,-84.275390,25.581645,51.906854,
-45.145846,94.842328,90.716491,4.632648,-0.960353,33.378812,65.459283,48.063840,-32.952082,55.580256,
-91.658514,-28.154472,67.722001,76.821209,-85.231536,-28.535461,77.226525,69.129248,61.755537,-16.038525,
-4.992385,-94.943188,-38.122049,98.349984,88.374093,54.794777,-9.558097,-3.312036,-38.742398,34.330858,
-0.612564,-62.040466,-4.584575,-14.901368,98.283692,51.852584,34.755629,-1.069845,24.999949,-39.020937,
77.392485,-91.603629,73.517461,93.941448,89.156855,-64.368698,-56.109674,62.763941,-78.660376,78.045783,
31.142032,7.429891,-8.962343,88.731413,80.330945,29.538512,-9.781050,67.628496,89.848783,33.093237,
-41.645100,3.664810,-21.669001,35.887103,-5.068567,59.776988,-10.755763,76.200447,-33.134574,32.976447,
33.136890,28.738384,59.773558,-75.244542,81.700277,96.051902,-93.190648,-41.681136,15.132180,4.486502,
-37.560308,67.211980,48.148129,8.787411,-86.886677,4.560900,-43.461970,36.788059,-93.932350,-93.230237,
29.437842,43.095810,51.422085,-66.017885,31.822114,-25.930809,-98.364573,17.553479,29.897288,-66.834434,
-15.769457,28.623674,-7.335444,-32.917205,78.177968,-60.198127,-32.615280,-34.968782,-38.988782,-1.087699,
-83.897221,29.393211,-92.400794,32.801077,-75.947335,73.291301,-69.377624,6.138833,-76.005986,11.015173,
17.212154,61.890301,-14.578509,40.664385,39.969612,81.414972,-74.448445,-5.104708,-56.625429,12.553373,
72.050915,95.985253,-88.639904,89.669846,52.232243,69.404220,12.148576,4.278899,-94.105583,-22.557229,
59.384152,94.665183,16.231782,12.665096,-74.302191,1.703878,57.426246,18.248923,-76.220536,-96.136294,
39.231819,41.925978,10.029262,-94.238160,35.244777,-60.248397,0.050362,-85.314184,42.208999,1.125344,
18.842100,51.534003,-59.161057,-2.104194,-40.185666,-93.935830,-26.889256,43.426338,10.616104,82.352675,
16.900707,-83.720449,-2.254612,-7.302488,53.057159,-81.298763,-15.930302,25.506281,-29.523995,65.547347,
60.582838,80.728846,-45.763585,-93.186460,-32.917141,-91.409310,52.071237,-46.251393,-13.414165,92.348020,
-20.915735,-73.424325,75.446103,60.634355,97.875119,13.926703,-13.593513,66.780808,-37.324968,-36.214390,
34.834334,-11.315129,48.043877,48.662936,95.465083,-35.124027,-13.605128,-37.893182,-77.825735,-87.381775,
39.929146,-64.254346,-98.278710,-62.531565,84.205874,-51.940249,31.606776,68.349608,88.535430,-50.401953,
-63.763379,-34.157236,-23.608555,50.110573,55.010805,51.075848,-61.912155,73.688385,63.415829,-20.341960,
50.976036,22.698559,-41.530748,-43.202314,88.949557,-7.954100,70.315783,58.960266,46.590230,89.972425,
84.915963,81.703855,-32.858880,45.352779,38.312178,-54.675255,59.267260,15.796615,82.120640,-6.274875,
-73.941029,-57.906187,-48.908936,-57.032466,-13.470371,-20.779061,19.495027,-99.999797,-13.607884,-59.117253,
61.416533,-46.175124,-18.037429,12.549312,-5.541482,12.474983,8.635909,14.133709,71.217967,82.715625,
-27.519723,90.246218,-49.779018,92.743572,-72.269933,44.002426,16.970805,-8.898318,-52.427953,41.304374,
-95.695460,-65.683648,23.534623,61.925033,-33.212823,0.778207,-96.139734,-24.623619,11.576594,-99.633228,
77.776413,-14.041491,98.347234,-66.602976,-72.050536,-41.097901,-72.344013,39.221402,-13.021486,-14.363925,
-63.599355,-93.658867,-46.241457,87.381230,24.848084,-76.139889,6.434562,-1.398546,13.060682,11.683198,
-6.191470,21.409495,43.369769,-8.200123,-7.688374,-66.672545,-12.701111,9.851557,10.989294,-56.318000,
77.680235,-50.216130,14.657382,-46.685528,-27.498466,-3.380701,70.821900,-50.302845,-27.177673,-69.446482,
40.229787,-10.293915,70.482528,96.977002,-2.783314,-13.020759,-71.913636,95.239631,73.666702,-67.663489,
-43.173553,-31.867629,-29.907141,78.819202,-89.748026,21.294363,66.778976,-41.363791,-4.750162,77.432248,
-5.680444,80.724176,-19.633425,-44.652572,40.748977,-81.699794,-10.150687,-76.273408,59.474140,7.051579,
99.107666,57.874493,99.488651,-4.354801,-69.651897,-84.802056,57.155535,-79.777010,-73.491041,-19.216841,
-2.104847,-62.127610,-44.407379,85.659775,23.069424,-99.512816,-94.803278,-60.732653,-48.675496,-64.808236,
-43.633620,82.411132,99.677198,-57.527766,-58.613224,-48.215823,-23.728048,-31.593979,33.614139,10.360836,
90.966475,20.096666,-67.415727,58.659148,37.517108,-11.584350,51.983205,-64.400892,89.571219,-23.003120,
-13.875075,-65.324363,-81.716560,77.670003,-18.500272,93.795247,72.008724,-55.350246,-58.902339,-87.586937,
-7.501670,47.195721,-53.821397,-39.021904,-82.936875,-44.153521,97.662764,32.161035,-0.523076,34.227856,
6.392436,-77.452682,12.857160,59.370968,97.081425,14.390708,-37.672027,-97.429089,-65.744975,98.929148,
68.731562,38.549765,-1.230091,-6.518570,-61.082640,-43.169730,-74.403352,65.922976,-92.735358,-24.255469,
-56.312107,-58.260746,-57.380866,15.054947,96.578487,75.813349,-40.984615,-99.997134,-13.637492,-83.971111,
-26.103638,-86.386965,5.713909,-13.844677,-17.521229,-82.790515,15.320001,-3.090402,-19.666489,-34.775335,
-47.932921,-71.954088,65.537762,75.805231,-99.963460,20.866848,27.232306,-66.288203,19.161864,14.452380,
-48.494730,-1.348423,23.826966,-45.705584,84.006024,-55.975245,83.784529,23.625744,39.048342,-35.935648,
92.883745,94.046489,-75.728744,-60.093172,64.813256,-11.807670,70.191748,92.465253,-26.693069,-83.940726,
92.578541,9.625565,-84.660479,-89.060340,-72.934264,-47.142654,7.025034,59.089343,-42.241225,56.825256,
-50.452822,-86.071344,49.508988,97.933337,-23.768406,76.598139,82.045550,-4.309032,33.212369,-67.283539,
5.240464,92.762770,20.681822,49.020708,-65.935276,99.029861,76.451593,-1.670819,39.260332,-14.009867,
-29.857328,-90.075894,53.915022,20.597988,-21.201323,-47.019315,4.523474,-73.880317,68.653124,78.906450,
-31.198600,-4.019076,-21.350513,57.757259,-2.551455,-1.579949,-68.512487,-22.843675,44.371059,42.326295,
88.324535,84.626736,19.062975,-76.218787,48.211472,36.707778,-80.413046,-66.419605,26.456776,40.649556,
-98.477305,70.711135,-59.288108,28.298875,78.356317,-7.907629,-12.216201,27.631798,61.293033,92.131733,
-76.349192,0.435972,-49.252583,-5.776692,-89.343257,-75.990129,3.217681,37.107780,44.164432,5.971082,
-27.934169,57.356737,27.222796,-9.692822,20.639370,-6.053340,76.949653,11.018487,4.458025,32.590096,
25.684365,15.066711,90.207009,87.655475,-81.377952,-18.789792,17.637923,-36.681203,-78.454677,-17.713454,
6.316213,-34.316998,27.296964,-40.821718,-53.558141,0.077564,89.842142,8.694332,-13.147187,-20.774036,
62.858415,14.354616,-86.250273,-16.621710,-63.122625,96.434356,90.760280,8.547893,-35.876648,46.755753,
79.788563,0.453544,-84.398894,95.201806,49.342747,-12.888364,48.250427,-74.306748,-76.256134,63.148314,
-35.909627,-55.908640,-34.827489,-50.729147,23.934543,29.162771,97.551516,-89.736466,-60.992609,-11.394651,
42.657780,26.598076,-94.833894,86.427405,28.886817,98.176756,21.081718,16.242925,-47.375235,-99.647684,
11.922384,26.712099,-58.489045,12.524073,-0.733458,79.240877,61.777547,-6.500189,24.895189,12.194424,
-38.824642,17.087725,41.577574,41.137760,25.051052,-82.663346,51.368961,-35.214497,71.819122,-61.034219,
17.534913,-80.253411,99.562575,-53.481362,-75.339347,-26.828891,86.204152,-20.436021,-56.642232,30.663010,
-70.500817,49.021543,-49.532369,20.167389,-98.129840,-31.499442,-92.154102,-33.322446,56.479151,14.386430,
-60.957782,-92.737537,-68.450894,60.865478,78.114625,-32.600328,34.267211,-8.908590,13.870244,-96.002557,
3.177952,-39.476023,-3.080948,16.999676,98.617349,-32.929589,-18.311174,1.536497,90.825798,-9.833755,
34.682883,-31.569452,-92.037890,-67.597551,-13.394106,2.275277,-11.910790,90.957068,-45.250769,71.739215,
-18.561366,-69.284974,87.263350,-21.503367,76.302053,-31.542124,47.076946,91.466163,-63.814412,8.853611,
53.295698,-36.722357,90.709008,12.857883,-24.992173,-29.242959,-87.636860,-75.998652,-26.095887,-38.089650,
53.650144,41.273222,17.963528,-86.274749,-11.847849,-26.719158,3.548216,68.120087,-81.566032,-45.240274,
49.314545,-21.641953,-74.250244,-5.921909,1.968998,94.922463,-49.429981,80.120803,-1.932087,65.426426,
66.780427,-48.200581,-88.254093,80.687471,99.242640,54.427357,-92.078549,-46.564318,66.940992,-21.051238,
-17.368805,-85.134975,-25.569633,81.114456,77.632403,90.286170,-74.368848,89.046551,55.998197,32.447384,
-8.688322,82.011041,12.932319,-68.965876,-53.413079,22.279715,-96.568606,-77.664565,-59.650233,-8.894104,
-93.533270,53.417481,5.178320,-6.379851,20.848149,-7.722740,53.082827,73.271810,90.929742,22.697845,
-20.340216,-85.000105,19.448735,-70.442209,44.695996,-24.889534,-74.061628,26.986296,-70.414608,77.735674,
70.084650,36.917652,59.963744,-68.351507,-46.303937,64.610649,80.784457,58.569062,-56.181937,-82.079842,
59.028533,12.825450,0.594306,83.200111,24.642634,-15.094042,81.303807,-46.308349,57.034608,21.173303,
-63.183902,-0.323411,10.752093,-64.296229,22.938384,-14.947025,-5.819833,31.610473,-58.535078,-53.444881,
-76.120120,-86.191810,0.581766,98.842557,-79.373626,-80.137699,2.240977,-62.675261,62.920589,-38.787572,
-48.431549,-82.211290,65.667233,-97.554429,-46.966780,30.407599,-77.441389,-38.386256,19.370337,57.920013,
-52.763770,79.348338,-51.466462,23.212448,49.805340,38.791963,99.120697,29.819121,94.435181,59.699136,
-55.456908,-96.182289,-68.294845,-93.245287,-10.660757,-52.426174,-36.805189,-1.891133,-87.174391,28.811846,
-80.087816,58.968641,-98.453608,24.341656,-77.433465,28.071074,-15.186279,20.688887,-17.486050,72.308766,
-98.617763,-98.224167,-66.941816,-39.671721,18.687554,84.142899,24.573982,6.060898,-22.075208,-89.276268,
-48.450850,-86.884533,52.540829,86.491378,-21.254972,-99.735296,98.125936,14.818887,48.735424,82.144686,
-16.776227,-56.564993,-72.870640,-8.221117,49.094285,-58.230331,75.399882,37.864014,-99.536532,-74.025166,
-17.008593,39.145733,39.064710,-53.709526,-5.025805,-76.420694,82.969445,-34.034915,74.756674,-88.591939,
-36.350653,79.544506,-51.484681,32.020040,-26.722787,-43.673668,-55.427899,62.779871,85.157683,8.295928,
-56.959210,30.776294,-75.415991,-36.752135,96.635483,-75.099198,91.271190,21.998646,-52.285465,-47.879704,
93.622354,-79.031497,7.256514,-0.593416,92.892887,62.378240,14.665765,5.934734,-10.050864,-34.614534,
-1.987196,-30.567138,63.249605,-57.836960,27.241882,1.773658,68.707051,4.669692,-28.458980,53.811026,
-94.135470,-1.536649,-13.620010,-84.730885,-39.029619,80.075308,88.604291,82.704727,-46.242544,23.153796,
12.043029,6.043229,26.677185,21.080847,-58.119452,54.428519,84.908049,46.339091,-12.727176,97.653949,
63.793553,-12.150905,1.775951,74.804489,-55.300031,86.453736,64.611140,32.292070,-60.410639,-75.953916,
-97.075534,-96.634714,-32.018039,15.778343,39.388554,-61.899787,87.485134,-37.891050,-64.773007,-49.395252,
-59.721825,56.668782,30.905542,28.268700,78.210628,7.524661,26.390809,-75.901804,27.395399,61.353040,
2.199575,85.808224,-13.158594,81.189854,-96.612244,3.276165,18.769700,-15.280823,37.091838,-86.149737,
37.285896,31.463993,-95.616981,95.488781,-11.752083,58.440814,-33.907672,-63.565548,-55.674165,72.577675,
-99.466290,77.544259,58.405193,-74.935153,-51.747120,-13.536388,64.424835,14.133978,98.114868,-66.464020,
-46.413387,68.574779,-33.463723,-49.989361,81.295177,13.245625,-68.475948,-4.757505,32.871281,-50.830384,
-41.222685,-81.740026,-70.613870,36.829103,6.848812,-94.891166,-15.402807,-28.994189,51.581631,49.212209,
5.238665,87.346509,-67.529009,21.552741,-95.872365,33.419405,66.251297,28.468010,60.653201,38.389773,
-59.918349,-34.197530,-16.616628,-78.955778,-89.960519,-49.128024,70.557196,35.866728,22.172056,-67.819353,
-60.876082,-24.899420,-72.549943,73.325458,-69.280661,95.936674,55.802466,-51.838602,93.678180,43.888875,
75.615665,-60.658664,-42.642027,-59.724692,-67.555171,97.543295,-43.403849,26.064981,-37.647624,-95.288073,
-97.991905,8.447961,95.671012,-51.491169,-80.325494,47.611362,-73.878073,4.433614,28.372807,11.107617,
75.779625,25.242624,-60.905210,98.265741,-32.180276,74.742300,-82.226558,-31.802244,-95.381495,-68.936620,
-40.843708,-73.878745,30.937400,-20.942236,84.792494,88.382963,79.426846,-14.750703,61.206261,8.957648,
-34.428384,80.720968,84.140017,-83.948519,55.386913,65.597411,-41.798620,-75.092140,-74.968994,-76.049865,
97.944450,-61.859659,-8.848052,-52.576317,1.189414,9.628004,68.602653,18.166378,57.557907,-28.439332,
21.796938,-20.130186,32.324803,51.331874,-31.826444,16.627755,58.383945,-49.955934,-18.546521,60.178986,
-87.937384,-2.403889,-28.903559,-5.014776,-42.420555,97.510773,61.145967,74.870542,38.254114,70.733670,
-8.107004,39.021907,58.715158,63.393442,-48.667303,80.325277,28.908742,-59.588856,-26.528189,-78.840806,
-32.871312,-18.550688,1.456519,42.366033,-18.771456,47.940937,-15.675571,4.246649,45.510581,-15.934969,
63.464469,12.453006,81.277279,25.322543,-46.662333,18.870086,25.621425,8.999653,74.961073,48.545063,
9.055945,-30.721210,7.437101,-11.606444,86.908384,-86.079065,-39.354817,-53.918825,78.140122,2.192132,
-43.493515,-44.226117,-93.690651,-81.019537,39.208089,-68.250237,52.112226,-59.727469,88.602508,-42.931818,
29.647176,70.323166,-22.403399,-17.610726,18.940214,94.626409,-5.463747,-84.576550,-1.783999,-90.785093,
38.991258,47.874246,14.952347,-29.862781,-97.456057,35.272935,45.778921,-94.508848,43.551249,-89.595643,
14.509638,-66.306834,-30.524036,-50.871981,-40.787864,66.257141,65.554296,93.844294,-56.523322,-50.494026,
-40.951685,3.144273,-63.578680,-36.003169,-49.489209,72.733130,45.492456,-16.979973,-73.083545,67.349190,
19.475621,-95.528092,-99.362537,-38.076990,-51.017739,37.059940,-33.922742,-45.115803,87.234202,97.715646,
-23.363806,0.738292,-31.752666,-82.180877,60.874079,-7.757187,-29.728791,-72.018186,45.925572,84.000874,
1.829622,60.065601,46.698620,54.275674,72.675891,48.970754,18.130618,-13.055946,-61.243623,-50.584828,
-27.882671,-58.514158,-61.982431,-30.264912,-16.250409,-67.334164,48.402700,97.510208,-19.377292,-31.637706,
-43.528962,-71.060354,-61.914388,-70.410826,57.928153,39.851438,81.404939,32.996785,-86.200551,68.239803,
-4.861860,-45.412157,-0.289790,93.387215,3.564958,-90.100603,-40.782479,-22.485386,26.343720,-73.392069,
20.686673,95.267751,-4.756322,75.734356,-54.491915,94.640644,6.965994,14.951717,11.715885,-73.566416,
-34.602729,56.672239,12.834805,41.111480,-75.292140,-83.560024,-84.202037,27.674268,16.414932,0.644328,
74.982768,-73.938245,15.187137,13.286769,-97.527653,-36.038855,-80.315897,-90.680225,62.004680,-15.000920,
-58.911596,71.316242,-48.895019,-86.424615,-96.976608,41.430048,21.181300,54.462621,96.696790,76.954285,
25.121071,-19.791919,-98.941182,-19.359813,58.984110,-44.966113,-44.109750,73.029735,88.691596,11.969381,
5.173521,-53.018543,-10.210627,7.219809,-43.668845,-5.731836,76.527053,-15.053778,70.907375,-11.734039,
75.476300,59.763958,89.797945,10.751832,37.483928,-56.688930,-74.093083,-27.992144,97.253699,10.599314,
13.048751,28.817089,-70.929137,43.271900,-84.796415,60.158213,35.920214,32.114330,50.193936,-32.626545,
-53.626828,-44.222852,-92.522467,-47.123241,77.027772,60.758714,33.525986,-55.516726,7.496352,79.779054,
-86.817810,16.048158,-37.820259,22.917745,11.094968,83.145478,23.180652,-83.575952,-25.180832,19.401526,
-7.367936,-46.691886,-83.155274,-6.917530,-21.553852,-74.776572,60.112058,98.036591,94.575636,9.250281,
41.909252,79.578072,88.663381,48.074499,-13.601520,-85.527387,36.146023,40.963976,83.888162,-68.880358,
-25.768623,-55.302824,-60.978478,55.762009,-97.601216,-7.104547,-61.001511,18.712694,97.830082,-17.224191,
-28.372122,28.199005,-64.928339,16.493976,-73.555663,46.552972,-99.883461,-26.494098,70.704403,64.169594,
-48.331724,-41.340876,78.478906,-73.137461,-7.292704,38.164270,41.040703,-12.111490,-32.313122,19.352028,
-16.460564,67.763615,-51.869712,69.163777,-5.731445,1.934060,91.642697,-85.579132,70.556163,82.933075,
33.628292,69.542390,-34.912776,11.064404,75.077191,91.442341,50.969365,25.587217,-90.641044,63.748860,
17.225781,-4.899836,55.419182,2.896557,-6.101065,-31.586611,-31.072018,6.129249,27.291769,90.860155,
40.864091,81.184069,-6.782707,84.339555,-66.372878,-60.705601,47.500266,38.443524,54.032524,-70.548856,
63.758091,86.398293,82.158663,-18.327291,64.209996,12.033791,-22.060385,-88.382252,-68.786910,20.022948,
70.936850,-95.237126,41.993807,61.338623,-88.631680,-22.940615,-48.086105,-65.628082,-12.012690,58.674155,
-49.397825,96.521198,65.133875,-87.756132,90.106885,88.735413,-48.202543,70.085560,44.341829,-81.412154,
78.942370,72.412041,2.100993,-70.344479,-55.690905,7.202942,-8.709744,-51.270296,-72.915042,-96.435918,
48.459020,-87.401408,-68.437522,26.116176,-17.340234,57.984751,96.297186,-48.614907,70.516378,-10.299888,
10.194431,7.324063,-24.987949,61.976710,35.623921,-61.479945,72.654858,48.357512,58.227712,64.015128,
-15.367589,44.633451,85.945914,66.500239,-20.640512,-25.324293,-75.528624,-85.437057,15.991798,-84.719311,
95.586396,-72.686000,-75.019656,30.404128,8.673188,6.510678,-21.075256,99.700338,59.110930,-40.451470,
-70.184778,-82.390351,88.635725,-57.980301,-23.522608,3.899470,-60.047263,-77.363889,-80.357556,-7.350566,
-34.385764,-94.655715,44.708204,3.675401,-75.180190,-15.127649,90.108183,-19.291049,40.228938,76.825919,
44.918582,66.887213,92.367815,-78.649323,-30.813912,-86.096231,42.121622,97.332624,70.263645,16.335340,
-26.608167,41.825191,-29.969513,80.934235,93.472827,-35.625780,15.741803,73.834017,-99.507146,-13.072054,
82.090127,-95.078544,-7.167769,38.449752,51.140952,-3.677135,-35.244250,93.609499,26.217966,95.488665,
-33.500948,-46.111314,-98.055364,-62.283759,-23.180777,98.365058,-48.645997,85.498935,-49.324891,97.915132,
58.429141,-49.915725,40.057556,76.110624,84.498653,-67.756047,47.467468,83.613272,44.604916,3.211298,
-43.453356,-66.088062,85.964474,-86.634172,-75.321892,-11.434321,-57.733759,-90.438743,-0.225597,-38.408806,
80.466018,13.890023,-60.659715,-73.585228,19.089587,-22.665817,-42.141968,-72.002183,10.688305,85.736090,
69.642531,-88.083587,6.745996,-61.882725,36.082094,-77.390164,47.751751,-46.759458,-60.379422,-21.681704,
-65.231759,78.948395,58.592424,28.885802,-77.039944,-90.027685,-67.185970,48.967586,-27.623439,0.044230,
-79.434904,12.139368,-75.717884,-67.236960,-82.886194,89.474337,-22.404020,-51.899212,21.744831,39.870951,
22.437780,-92.308116,84.907348,40.147640,13.827954,93.079603,27.454897,70.630450,90.713891,-16.452155,
75.798906,48.880991,-95.813918,-43.580583,-34.410516,-98.667143,19.185194,85.538932,-13.076435,23.220684,
90.449579,78.517185,-0.110517,95.271205,9.537722,-79.751759,49.787278,-67.734784,-65.056945,-92.554823,
93.622472,-4.581493,-80.889429,20.702229,-57.537269,45.484863,-23.496244,-82.309549,50.702047,66.961476,
14.172038,-74.054276,-27.255828,-91.686030,43.643045,-86.871419,93.810831,51.866569,-13.825754,50.152646,
38.238803,32.277531,97.601230,-23.545217,55.528493,17.604919,-6.208090,-63.116969,14.142112,29.296220,
21.688131,21.166016,-65.083079,-23.644576,13.540338,-36.646511,-71.242765,96.117773,-31.832899,-28.570705,
-29.724589,-79.441546,-19.393829,-69.533010,-94.738448,-56.579499,91.156533,-3.879951,-70.126933,46.563280,
-87.544660,2.333774,-79.408676,6.290531,-10.610144,-51.531977,50.479146,-32.113670,71.734038,43.303495,
81.316142,-86.944201,-87.825149,-39.979008,8.735185,-6.481809,-36.078499,-87.327287,-30.980490,-93.650664,
-77.475442,61.924581,-83.428824,-77.178832,-10.642964,-98.489474,63.269104,-19.906918,-89.287298,69.482565,
57.682712,-2.267125,52.463663,-34.751952,-45.794825,-88.636692,67.991671,-66.431040,-24.652667,-72.621728,
27.973172,-56.196564,-85.644644,-7.339146,-67.593910,-50.561417,57.813908,0.482200,-83.362330,-52.420115,
43.409363,-51.667396,30.664279,-92.447836,83.263339,28.541145,-86.433663,-97.327144,23.575961,-90.850294,
-0.540044,-29.670671,67.040215,-64.439197,79.321868,-95.603734,-91.168289,39.484168,-19.941304,-85.612811,
-5.365630,-88.505450,91.306197,-83.273218,-5.507811,21.165191,69.852862,78.996247,4.654830,-24.620487,
-51.226107,76.609468,-78.947614,-95.608144,-88.406426,-93.570607,-75.925053,-33.600693,15.800237,-99.034870,
-15.089055,86.695011,-61.237132,97.372811,-24.242204,89.566932,74.124679,-20.378812,-36.582966,-2.603518,
-12.345232,-40.596773,30.276507,-54.898789,-77.158626,59.472376,-53.533839,-28.315816,42.373622,24.846416,
31.262643,10.503387,70.480962,-78.765575,-95.824070,40.076813,-34.941445,52.135934,-66.844509,-43.734891,
64.827887,31.791865,-60.098875,-31.418070,-10.593268,-59.951386,-54.557231,37.608324,36.630176,15.582793,
-20.396761,35.528439,60.458893,41.078877,-48.408782,0.914048,61.932731,17.705132,35.117335,-77.900085,
-54.021222,82.703679,-5.591061,42.910546,-48.112033,-24.159328,81.655550,-29.528508,-4.887819,-65.388288,
-4.647616,-53.449077,-64.728308,91.942176,70.463438,78.451374,-22.307977,-51.718372,-69.660940,10.662658,
-59.935436,82.918475,50.035351,-95.651343,-35.704662,90.814401,-78.376398,24.563139,28.462455,42.714273,
14.928060,17.525153,-69.085223,37.082183,67.408642,-41.900418,41.969193,-72.385953,-22.193863,2.975590,
9.435382,46.696974,11.742340,-37.548868,-63.904912,23.194414,-76.547778,47.610040,92.893194,-99.471589,
95.537266,50.410511,21.018235,26.166102,-57.556175,-61.834047,-10.040614,-39.831481,67.023552,-55.842475,
-14.450912,-33.981570,-76.595487,-10.580027,23.444649,82.016183,-3.681828,93.889364,-6.296771,-77.911038,
98.528336,-70.431012,-81.541123,44.825951,-68.146713,91.852262,-54.392277,-53.021285,-19.830027,-35.573558,
-77.296095,28.560542,-99.058935,-71.650964,-80.401126,25.985051,-43.756485,67.877291,-47.799769,-19.575133,
61.326800,-22.948800,37.773493,75.508703,10.500662,-77.359301,17.094749,-6.752445,33.024265,55.153467,
-59.610180,-47.168305,59.161062,73.733026,-66.477261,-82.764312,-94.145576,71.251152,41.229997,27.116423,
-12.391218,-19.723850,23.795410,25.879580,-7.792945,-24.666133,-78.866589,63.726592,19.869773,-77.864773,
56.284128,-23.874351,69.479841,2.297031,11.528035,97.709588,-52.628037,16.502020,-40.152360,-64.160162,
56.500881,52.707307,-31.096646,-13.649697,1.305562,64.422616,-97.204079,-82.860336,28.874678,-60.762998,
-35.790172,60.059625,87.941575,56.215997,69.354187,-97.737903,99.005828,87.261717,36.390523,-58.368565,
56.231642,78.754245,-45.473271,90.227234,-7.005298,9.430423,34.287347,32.901674,-77.410268,25.030514,
-13.332835,79.831584,69.099841,33.185473,-58.699391,79.710503,81.850783,-19.778093,-56.157046,40.520671,
22.796528,-38.486867,47.684058,99.622548,-68.054783,-88.636994,26.144551,56.064458,-12.127183,34.768257,
-80.770310,3.871516,-59.259871,47.000999,88.560937,-68.270804,62.960143,78.951708,-56.446630,-15.237637,
93.672568,24.652716,-31.976056,-86.746751,-68.492135,-10.323317,-0.029714,-33.467223,46.508071,94.478071,
-5.577810,-64.333024,71.907018,87.909079,-81.003007,75.834397,80.408173,-79.255154,51.978510,9.832422,
-56.715222,-83.662647,-15.574709,31.688349,57.094874,27.679549,-76.561587,-42.599619,28.374858,-12.235937,
68.676976,-86.350888,86.088822,-26.724251,-52.408888,-37.924814,9.796966,58.641457,-61.852120,-99.763210,
-61.687756,1.433518,31.583379,85.401934,-3.033045,95.000413,-86.511507,-69.000021,57.017198,-93.499958,
71.432362,95.155290,-98.419502,53.655718,-61.841589,-85.735283,-78.323690,22.778450,45.138307,-46.532382,
-51.640086,70.193734,-56.073533,13.818529,-61.905456,99.928106,67.873130,-16.612961,56.939573,-54.092989,
44.051976,-27.189348,-21.755098,28.156984,-2.486202,93.484770,-58.686529,44.252561,65.478518,-89.440964,
47.688910,-25.599881,87.205074,14.380057,-31.010759,68.166522,17.772529,37.436587,-69.921165,-51.985259,
-64.886889,69.252190,7.227295,85.784063,-53.670172,-89.450905,-4.427173,-95.970491,48.882800,53.494117,
89.831548,28.805873,72.564248,10.588635,91.556370,42.678589,-14.111871,28.547426,-19.680757,-26.715206,
-30.680059,-0.410481,23.615701,-92.306997,-99.442786,-54.997659,54.154674,43.148256,-24.021201,54.706319,
-9.605839,-95.889843,25.222495,88.364466,63.526346,29.566896,22.744173,37.252196,-71.438763,51.340818,
87.700904,48.625276,-58.528559,-25.676807,-87.043804,-7.766486,55.080826,5.341139,99.469327,91.610433,
89.973385,15.451839,-91.288113,42.729559,84.959661,-59.335241,11.397512,-6.648257,73.456909,40.257811,
-15.198249,5.186688,-48.383298,45.933705,-95.118312,28.419307,79.179529,-45.969507,-49.784346,5.110763,
-34.522961,-54.239010,-99.269673,43.864396,18.802623,-17.479794,35.703750,17.408144,-40.241104,61.832587,
-28.598556,60.650689,-70.522392,-66.897132,-62.331113,66.214518,63.297741,33.902542,5.511270,-28.081021,
-57.492360,78.077424,57.561756,-70.757685,-48.031651,80.111281,39.700945,95.372611,-77.351684,10.478898,
-56.220570,4.754726,62.969144,96.562020,-52.533927,21.337733,66.680789,-12.337788,-97.749527,-36.442796,
8.713018,28.283726,-95.009615,67.560462,-74.582170,85.348237,48.785258,-3.378396,-58.803086,-96.343007,
83.296643,37.035838,19.006245,-57.815078,-75.219398,69.420199,-11.899983,-2.651571,62.068979,9.715651,
56.867297,10.598504,-98.843580,92.820431,82.337883,-98.536076,-36.968945,-52.275084,78.001609,-27.244620,
-89.584317,-82.434243,94.498738,83.034635,-15.912583,94.016870,45.864921,32.011233,51.548867,50.817052,
93.848926,-32.642737,-12.340814,2.595333,97.746953,-80.980745,-84.179019,85.645824,30.920735,-93.990313,
52.900028,20.791773,44.137486,-62.674198,55.629493,-51.343234,61.725309,82.919016,-84.401012,8.024511,
-85.673928,71.740688,-8.581277,-86.503649,-23.099709,-71.270854,-31.254832,35.121874,50.846282,-21.634171,
46.128706,-32.292196,41.600038,-57.488696,78.740967,59.404290,90.000981,-30.263852,-69.361915,-53.673132,
17.267833,-14.719174,-92.494981,-11.018826,-89.137157,-29.337302,-41.518068,50.675662,-30.632838,-74.725215,
-93.682005,-92.659068,-61.679320,-86.672959,-71.932601,-31.206909,-18.967193,67.680975,-16.392263,4.024335,
-20.504932,94.426223,-23.829623,48.360505,10.171997,31.371586,5.730132,65.284618,-57.544740,58.946710,
-74.952353,45.928486,-18.697356,-73.362113,40.619572,95.475025,7.612001,-8.329213,86.523927,35.577934,
-29.329213,32.464564,71.222164,-73.879933,34.203700,89.872431,-46.310978,-14.407976,61.355247,-39.435445,
-4.400656,-89.985917,38.345196,92.970237,-88.744457,98.023536,-64.170875,-35.968232,-35.092498,26.467042,
-44.796471,-73.643752,-90.913489,85.809920,17.094421,-44.444438,33.759529,65.250618,70.751752,79.806163,
34.110766,43.753069,17.083426,-87.237097,98.152880,25.335530,76.402981,-26.364389,-60.115808,-96.728126,
-65.664700,36.418130,-99.493838,-14.353951,56.587433,20.736848,-17.890759,73.358809,10.338622,-22.288648,
-10.738655,14.554833,20.632126,-72.364533,20.666708,-36.833392,57.086849,-60.287647,49.316275,-49.041087,
40.518802,-31.490578,-17.123288,-32.869453,83.406266,54.471338,64.230756,47.197520,35.496545,0.794635,
97.907187,35.603840,-14.064674,-9.108854,-68.089454,-36.432279,74.380424,91.005028,-68.859775,-67.617101,
96.946183,-80.584253,81.099254,32.660480,73.832180,-30.588363,-49.332452,-10.793518,81.093364,15.306952,
-86.314541,83.127087,38.902033,-66.977779,28.483599,44.640843,69.259012,-85.710581,-49.014538,79.512229,
-50.572059,-99.079879,-80.227463,-27.847062,-4.325512,-90.952309,34.544023,23.073610,-60.291254,45.405732,
-66.462751,-72.573154,-64.191779,92.946451,82.974383,20.180363,-21.797265,-66.226544,-30.209318,20.622543,
-20.051111,-39.639915,-18.535591,23.450915,-52.529107,55.622016,-85.242096,-64.435813,-29.956255,38.308992,
-50.078187,-21.471604,-0.351688,-84.381680,-96.916398,85.880166,-68.214896,76.177882,-5.976480,2.064426,
-71.322516,-15.065851,50.756968,-73.698121,-59.743843,-9.850446,63.749530,37.342021,70.223488,59.041033,
95.189767,18.139718,-75.715176,-28.817403,-72.933989,76.167193,6.589520,-40.165385,78.817031,18.824901,
-95.082036,-20.018704,41.597720,15.168029,-45.900935,-59.220288,91.628840,-80.510001,65.518947,33.425332,
-22.455205,-59.349244,10.549014,21.845992,-55.665623,-53.511971,-68.453551,27.498255,-10.487694,-30.017623,
-59.296427,-6.049228,-39.914974,-26.287650,79.322976,-93.451623,-44.126520,-50.405793,-40.436448,80.643963,
51.421435,84.954501,41.922524,-88.417384,-54.539765,-4.579967,-43.499524,-99.803752,5.116835,89.697253,
47.643745,-98.314310,26.011057,0.286198,-30.849239,47.447384,81.368381,-22.545617,58.591358,40.508556,
65.741007,81.164191,-56.212264,77.768944,-36.923484,84.985204,-62.599189,-20.423225,89.711693,-56.602210,
17.362016,-53.855840,43.750422,88.625308,-99.896094,-5.440982,-42.973948,76.539915,88.307720,-61.137280,
8.076772,-73.876772,-95.880040,25.867373,-41.625477,-65.680595,94.755740,38.207244,0.461131,67.094687,
-5.898113,-90.418783,-72.796292,-76.306161,-7.058295,55.659612,31.974427,72.413242,-29.081304,52.981117,
90.375923,28.371770,-24.368560,-80.902364,26.188152,-56.092310,-27.974929,-98.052546,-65.581764,81.787531,
-1.084565,5.697575,-20.051137,71.150263,73.022529,59.667149,30.581565,65.898621,-88.197829,-91.688980,
-67.775879,51.815085,-50.813176,25.673501,36.097689,64.784717,50.319167,-16.470683,-21.102751,72.067503,
-72.056338,38.958196,-79.404419,-24.965999,-19.273018,-93.359127,77.185871,29.048999,-94.848817,-8.214968,
-28.029473,20.093084,-82.405903,92.965624,-18.771472,-2.977735,-29.861403,-94.454541,-10.873222,81.183909,
-22.456892,92.185000,46.842366,24.922363,-31.237051,-32.227150,10.125562,-43.355610,-54.548868,-38.732434,
-13.941728,-24.861134,-72.991533,57.994897,42.173235,55.107532,-4.052285,-27.639755,8.490141,-35.374921,
-81.050019,-71.975049,23.275884,-33.749936,79.598732,25.762315,-0.877099,-83.236979,-0.266236,91.852460,
-52.157102,-95.934600,-27.046810,5.764637,-62.746948,98.620910,-74.664852,-29.500522,-42.931827,24.003101,
-96.099375,-30.530740,13.090779,-84.335423,-50.590270,-31.033882,-71.050018,-43.585428,62.993142,98.366125,
84.815709,-70.321433,91.764396,69.206289,-88.966576,-52.923336,17.389670,3.714384,87.616295,25.751047,
-92.847913,94.314991,88.041422,19.592403,-29.810991,83.227230,92.001891,-23.115610,27.523058,-90.613506,
27.817191,58.451498,42.264498,-74.588886,20.713194,61.503797,-94.840346,-93.021685,-88.701038,-79.542219,
-15.211644,0.979165,67.276061,-3.462936,-71.362234,-92.363069,58.967924,-61.614822,67.187746,-32.245245,
38.050361,5.906726,-24.798953,-36.626642,98.323759,-40.418180,74.790120,-91.001941,-23.002525,35.435291,
57.214044,-82.267649,-22.011538,-6.182316,-54.711798,29.777962,-53.365479,-40.865672,41.436959,42.030919,
-37.648437,-18.978162,80.162113,43.072021,-93.154529,52.368720,-39.642387,-20.150640,9.978308,84.342835,
92.438249,6.223937,70.724682,84.481516,-28.224559,-82.721778,-28.514802,73.314381,64.221708,-45.264885,
-95.666445,48.822350,-55.476458,19.003929,-20.717172,-20.239941,-10.647673,-94.708428,-49.230871,-55.330064,
-12.504909,-4.436807,1.887634,89.317650,-37.776470,-65.008142,-33.336255,-93.665441,-6.294749,43.708168,
72.557762,-88.782236,95.789604,-86.559648,-58.138994,31.517793,0.110950,-80.302936,-12.522837,93.139808,
-58.342939,72.027488,63.433426,10.083545,-41.669609,-51.742899,4.675618,-94.777352,-87.530210,-85.900874,
98.220178,-79.388181,-69.657979,99.526573,-1.873124,31.057333,7.385430,-14.730624,-52.217142,20.890226,
20.020658,54.614702,11.990449,54.001342,43.808823,70.422264,-85.391066,-65.538316,-90.110153,33.769600,
73.446609,36.414581,4.134398,92.145745,-74.835743,37.103507,70.982314,60.573450,97.756930,98.591213,
16.903655,63.483988,-20.491601,-72.919544,30.891598,9.989863,21.831090,-61.259011,44.204385,40.021596,
86.376929,-9.143824,-76.336444,-24.347501,-70.422318,-40.706487,-58.749284,-7.409484,0.436938,-39.347805,
62.920874,-44.164266,67.026726,50.929042,-25.245329,-36.951037,-79.563432,-41.306246,-40.290883,79.014031,
-17.209259,-57.008111,-82.248452,-80.086258,38.929525,-67.402181,-24.388770,78.465644,-30.269245,18.166444,
81.675221,37.447309,-81.603354,-59.766622,-16.916231,-82.744093,65.780414,10.600308,77.034880,51.532184,
-62.688146,40.485996,23.758960,6.867016,-42.633191,98.000368,-54.226995,-30.894142,-3.949476,-90.300551,
9.031925,73.852922,91.919973,-30.586727,76.313297,-45.769182,16.603427,83.393702,-23.313790,9.077623,
-45.845719,30.120511,85.417476,-52.602934,-37.607625,29.175345,82.277278,29.848658,23.842040,-27.283245,
-55.295088,-16.371155,-69.036729,-96.191355,75.877458,35.320305,-44.710077,-2.398084,-57.987227,-12.679064,
-28.547035,26.676651,-74.398563,64.084575,-14.791420,2.962322,97.200402,-20.956168,-87.814257,-29.808956,
36.768729,32.667461,81.703787,-75.627775,96.258543,-65.090092,97.634160,10.593751,-61.249205,-61.459015,
5.891048,73.759612,60.651191,-73.759258,-85.484689,38.347105,-29.987920,70.193094,-41.665812,-48.114318,
17.024967,39.806900,-85.890096,21.266040,86.978097,-27.935521,59.692269,-80.522979,95.365881,-2.243914,
22.185408,-96.937828,12.558331,-59.603670,94.501041,41.098608,-77.517464,-42.381816,22.434500,-88.309558,
-91.617481,71.388489,-22.295729,-32.549553,22.907801,-82.834276,26.814701,46.905425,-92.962494,35.221169,
-64.739824,-12.476263,93.811723,43.203669,-51.810187,-90.799314,-38.219075,8.398532,9.123929,-75.941876,
72.130082,-43.276215,-78.003472,-5.981989,-47.372665,55.637725,57.685896,-52.843152,89.382190,66.984420,
-50.177028,-59.098027,-23.890994,-32.482971,-35.708778,95.515779,-44.310419,-84.469374,62.182423,-92.412595,
22.511123,-22.924279,40.628855,8.629193,-88.519970,25.370743,-38.929247,55.792910,-46.182247,-8.443482,
76.586295,61.317336,-88.249464,70.675674,56.570051,93.789626,-68.330788,48.855796,76.710769,46.229329,
-51.870406,-69.055257,20.025755,-60.976016,-93.858833,47.729286,41.084624,30.462090,72.435174,64.572775,
-37.802752,34.304552,65.814377,50.476586,55.643610,93.203889,68.871833,-10.826357,-20.717458,-3.031670,
28.888035,-23.554530,71.414173,88.932978,-57.633531,-0.656112,-79.786827,3.858223,-40.087161,13.920243,
55.012303,-44.350998,-66.707060,-71.100832,71.763747,5.741361,9.830978,22.318941,24.310417,69.225217,
29.995078,33.208974,19.179013,-69.379496,74.901950,-36.849185,-55.926951,-55.330509,3.487142,44.298248,
26.092004,51.711415,56.984836,-99.393551,94.405184,58.292279,25.116686,-62.627265,-71.201962,-61.772669,
94.371381,52.866487,-97.221581,-90.033663,-34.196852,30.563150,-83.047296,-39.789778,50.012655,-91.059347,
-99.859661,-24.210029,-19.253487,-3.367090,-37.719340,-27.985353,89.061052,-64.281744,13.315393,-69.371230,
-79.747278,-16.239772,-76.891892,-42.207089,46.605303,6.643184,10.270433,-82.143685,66.504051,96.303386,
-72.905407,45.660694,62.127000,-61.569853,24.238417,-45.977050,65.465056,-59.535078,-27.693711,65.514729,
-30.106365,82.150526,74.650743,85.274191,26.189341,-95.733569,-97.717836,-28.969209,-68.045756,-26.407057,
-70.444309,-76.816302,43.644921,83.281375,-88.973829,-97.893821,86.852751,93.527313,-80.438198,-7.517759,
-24.857219,74.306922,35.471428,-53.421900,58.466338,-40.299974,-22.256865,-34.923234,25.381612,41.265263,
-4.752902,-88.614633,99.699572,-89.684462,-72.552322,-44.197605,43.398796,82.223855,75.796995,-38.525319,
-71.242719,14.649745,-4.338682,-6.520023,24.142103,-41.134951,55.551732,62.825648,80.702864,-52.390743,
47.574880,2.999945,-5.909221,-13.654353,86.511603,-9.566126,-98.527614,-57.728219,-9.481696,62.541068,
-38.401313,9.357566,-94.144054,84.638632,-12.208024,-27.108129,-50.421679,28.800088,35.489621,-49.385887,
-58.818366,74.760551,-48.158453,-48.797251,-89.182594,-37.621524,43.087638,76.287764,-56.849954,84.139242,
-63.132169,61.880402,-93.007175,41.554443,48.675518,5.472867,-24.811131,-57.223647,-29.237092,20.891025,
-41.222762,1.852630,91.495095,84.224141,96.572375,89.924534,1.581159,-39.682061,-27.023622,41.030040,
73.541002,-89.599682,-78.767526,86.850936,40.993573,-35.534730,16.947321,-68.981171,79.929708,18.860893,
12.518090,22.543686,84.067335,28.299829,-39.746839,11.408853,77.475584,-95.525838,60.566487,-72.290989,
68.394559,-28.350403,-48.331089,53.715406,-43.210860,95.681125,19.741973,-66.928599,-74.939442,47.871939,
38.825308,87.293150,-79.930816,-43.166084,-77.843325,38.569751,-17.992657,77.800484,-16.762543,53.949336,
-50.857169,-45.411834,88.105080,-74.461661,-47.099598,55.955284,8.062163,-29.888598,54.618495,60.808881,
-53.680065,-48.004904,68.491349,-63.377716,10.376332,10.136654,22.954069,-74.812951,-53.725372,-74.130763,
62.949437,-95.274539,9.013563,18.904636,71.539643,64.573437,-3.349664,58.540148,-16.777338,82.495961,
-9.779919,42.304031,-96.835603,-13.390192,-85.641178,-35.052883,-31.621569,-9.264412,79.819626,9.930778,
-29.918014,-69.551529,-76.651601,73.682468,-58.791324,-59.562669,-10.345127,31.258959,13.174287,-61.919644,
37.829440,35.421601,99.428170,-82.507062,-72.158183,-26.810227,91.109220,35.442389,84.465132,-9.516486,
70.700005,5.890894,-93.423780,-97.834394,38.126117,17.035515,-4.623648,39.284014,83.355681,49.787225,
53.182768,-48.447127,-62.685837,-86.010661,66.112511,-95.900650,99.139223,36.179396,88.295744,-90.877736,
64.446828,59.170543,-43.322959,86.311228,-55.000486,89.858774,84.569665,-83.317706,-52.564719,74.077175,
89.310846,5.621060,-20.558503,61.112197,-92.877161,-45.676459,33.016774,56.027804,32.521035,-63.432305,
-13.748653,45.974934,-84.831482,-51.095425,65.408478,17.439791,19.829850,20.757768,-33.448173,-42.650609,
-42.193279,-96.442183,-11.950124,58.453247,93.147709,23.984780,-82.367837,76.892669,41.167480,64.017917,
-92.821357,-1.885932,88.652496,38.562426,-85.683492,12.359784,-95.037265,3.827074,-31.447575,66.729398,
-34.643936,3.723778,-56.978708,8.535006,-40.672462,19.379386,-20.398517,-87.472722,57.677843,-18.229953,
-21.777640,-30.065611,-45.746550,13.850430,-29.088022,79.573325,-33.379050,90.567687,-35.186657,94.055281,
-13.709692,64.917159,8.990737,8.896180,-87.857496,-56.540342,26.547800,71.345816,99.247725,55.618307,
-60.773435,54.665434,20.183738,32.200496,-6.998268,-96.013703,50.298151,-72.667380,19.119630,-65.366570,
87.167506,-71.300698,76.735587,71.003401,43.448760,-6.826810,-95.142739,-18.887224,-70.298888,-63.134905,
56.228420,-22.596502,17.331608,-94.289929,-52.746729,40.854840,0.474556,-48.586461,-22.681554,64.995295,
95.077494,13.601375,-1.943485,-36.711079,32.124776,-52.085990,-67.890625,-7.842217,-21.258143,-97.099802,
-49.374508,59.551624,-26.387250,-51.692502,-90.985834,-96.427843,6.768311,76.786488,-35.144603,-79.322283,
5.009581,79.395563,-2.998367,-24.775408,54.665753,80.835947,-31.548043,39.101562,92.674530,-1.157295,
31.277525,21.281109,89.718500,44.475770,28.321905,-73.263612,99.033777,-58.101112,26.055508,-43.565901,
11.562950,58.845301,-70.415449,33.346629,-45.746254,39.686514,-97.332924,-43.870642,-3.213670,-62.951731,
25.753576,-31.815850,54.424657,98.952886,48.863070,-31.121595,-5.853938,-68.007739,76.803594,4.838523,
-40.811595,1.931525,23.588720,90.764127,77.668278,12.176310,97.295492,66.573690,58.022296,29.355365,
-1.055435,-22.631139,79.129288,14.804741,-26.046954,17.348644,3.546985,29.389047,65.538847,74.429973,
15.508367,82.395468,-21.894721,44.009659,-37.166278,21.845163,-86.756501,-0.958726,33.172136,-48.593737,
-91.098646,36.403178,57.053848,-32.498082,18.027654,-41.181031,-62.425455,-29.773751,-52.230223,46.366826,
53.339633,79.157594,-18.142624,-50.113900,40.567669,63.997519,45.444385,64.835183,-45.469248,-68.618921,
-58.002706,83.303188,28.893380,48.965037,34.462572,54.414581,7.951642,-35.028092,-5.886449,40.577611,
98.392960,40.811452,79.461676,88.318337,-44.764175,33.090649,37.134725,-41.905890,72.054974,-85.318339,
-77.167224,-64.459750,-29.607867,91.772818,59.597795,-1.468294,-57.832127,41.471847,-33.387687,7.742868,
-63.343962,-55.427014,-64.094404,-46.446584,93.866027,-38.742885,70.988403,67.356251,3.557956,-20.907680,
96.257773,-87.851885,-95.379968,-15.391379,3.528488,32.526066,13.501811,-80.397848,0.007491,-87.055486,
66.921092,30.486148,-44.498047,25.198060,-29.952155,94.411852,35.214574,3.238608,-11.744165,76.048657,
41.577979,-21.175060,-13.833288,91.159729,61.648164,98.836467,93.797099,-38.244435,-49.988508,-79.561640,
22.013410,-77.790292,-75.417662,-62.574223,-98.788421,-90.025238,-30.248360,27.345347,72.752346,88.579641,
-43.937175,-8.841161,-4.283039,75.892274,97.673587,92.968376,3.557695,-37.689141,50.918467,44.380175,
-4.938018,98.900156,47.976179,-22.915224,89.295316,45.676464,-52.346117,-26.378788,51.379419,-50.061884,
45.488653,84.523117,71.310307,-50.784474,28.058956,8.550178,-11.411102,-61.880839,62.995902,-18.066988,
29.801835,-22.137791,95.166850,-48.469851,-79.692358,-84.829876,2.865635,48.045659,-19.985107,18.891175,
-41.156417,64.184528,93.575892,19.082894,-20.871799,3.044021,-21.048058,56.423717,-20.006949,-48.353351,
73.452999,17.826976,43.694391,-50.008936,40.746486,73.196698,-0.624847,75.066048,-70.880909,-16.941980,
-67.345100,14.375825,-51.275051,-66.211071,-26.512432,18.773968,-92.840838,-82.847934,-11.523565,-85.075822,
-54.772863,10.405938,39.246912,-13.273205,74.359650,91.040326,-5.663443,7.553710,-94.515257,78.360149,
-77.054068,-4.254107,-36.636025,32.588230,67.295699,-34.493568,45.936251,69.327623,-93.825037,89.493101,
5.815805,-25.273069,-91.157826,80.800494,-7.428085,-71.637458,52.063099,84.477984,-24.458970,22.241785,
54.053899,79.620420,79.004074,79.256133,17.887948,48.841121,69.124208,19.777457,-76.574240,-94.099944,
-44.372481,55.121409,3.284838,30.738535,-36.152885,81.203291,-37.639746,-86.857618,-44.593895,-77.560763,
-60.469105,79.409427,87.889244,7.027181,97.090957,15.220650,-96.036016,32.758952,-24.084945,63.476669,
-36.976610,35.125183,64.280017,96.463485,-94.173956,19.234353,86.693233,21.627203,-74.846212,-88.302222,
-86.534952,-26.810398,-7.700967,-52.661683,-54.085519,84.226339,73.522938,-22.527082,-64.055297,-98.441534,
77.701388,-72.473439,56.764781,-93.683186,-27.735343,34.997339,-60.048207,-51.747540,-90.561207,58.808904,
82.364027,-33.175106,-91.743115,-41.853331,1.697435,-3.254213,-23.256850,42.269480,31.533550,54.191946,
59.639742,13.011987,41.937851,94.388351,-24.364037,22.999510,60.973964,-86.267835,-57.920141,-1.852673,
40.582203,-8.177344,86.003622,26.812201,41.959909,-91.328611,-3.420862,-11.342875,23.177675,98.757641,
-69.412451,58.973068,4.549729,-81.495205,-94.410985,2.204128,50.315046,-1.709793,-19.182217,-79.316782,
74.968138,45.059356,-62.873108,-32.305756,9.930518,61.914122,38.708583,-18.689389,65.936431,64.700704,
-38.919823,50.198580,-1.911866,-91.260722,-85.387980,7.839195,79.923400,-94.272272,32.437373,74.928489,
-64.061009,94.993266,-15.551042,74.055274,-31.342550,-41.836095,45.488076,-42.220076,13.860831,-55.840928,
1.932833,-70.374643,-1.184209,-42.769070,-98.691267,-29.230330,47.307383,82.717944,94.953646,16.141618,
-18.129678,34.423209,71.558594,-80.524027,36.992975,18.772998,41.931173,-26.471513,-5.407834,-99.348665,
60.318002,86.893837,34.268319,-51.615653,-96.870853,-96.057787,-76.458614,-28.716806,-45.970801,-26.209727,
-26.878667,-18.721034,25.087572,7.960729,-25.798979,-4.532701,15.683398,68.936594,-42.200149,37.973544,
94.967909,-34.296710,-27.410679,82.264000,18.737594,36.206306,-61.906189,-65.793848,-86.941278,51.960853,
-75.176811,17.476038,30.211234,63.816532,30.980318,26.698842,-74.184698,-51.584301,-38.847647,62.310975,
-18.417185,-21.643598,28.837787,93.288303,-51.386139,-24.685521,-94.378374,-99.301849,96.768656,93.664812,
-54.147188,90.957949,-23.753785,-31.143748,-49.352970,-32.279118,-50.895603,65.388712,21.781633,40.744072,
35.864895,-40.210828,52.349854,63.453878,73.215421,26.448149,28.074069,-12.343902,57.044744,-85.765748,
1.252616,-18.922988,-92.397765,80.187653,-64.939853,78.700289,55.949042,-63.192640,-50.358452,48.866858,
-75.874757,-81.982095,-30.850889,86.268956,-29.412282,-94.954178,-69.906250,-90.590639,-13.604957,-47.511359,
-36.153116,13.700455,86.310640,3.298725,95.777496,59.942021,60.157950,16.578768,-70.683330,-86.436108,
-98.307159,61.439344,34.202773,-72.851775,35.261567,-69.357721,-77.355856,94.242904,-62.633881,-44.814298,
-66.386302,-27.655124,34.763765,16.618737,88.898833,-97.651566,49.543287,41.779441,25.562772,-21.547338,
12.099390,25.645928,8.618905,-1.567395,-21.148359,-46.375916,2.045331,-37.758325,88.438565,65.167509,
-5.609072,-75.809102,84.037722,-97.685717,54.779479,-3.067756,-56.564018,35.869794,90.521790,71.951166,
-19.138889,-62.802642,-0.351140,22.810763,-65.298700,-13.286444,70.711790,55.962240,-95.432886,-16.558501,
33.973268,-88.015940,83.971238,61.583099,-35.587451,38.928621,-71.828630,-87.839113,61.491616,-88.784269,
-47.632027,86.523853,-71.919053,-91.496685,-94.806217,-19.222727,32.939652,79.465857,-17.055964,-79.864467,
-20.531791,-83.250756,-46.247258,54.535220,51.506487,65.509599,39.981987,-80.226627,35.128294,78.704791,
28.814461,-52.407027,89.217327,-93.320432,87.503944,30.726977,94.345888,-8.397724,-80.151437,4.689126,
-35.343988,78.739796,86.926998,79.338019,-6.459253,16.362821,34.733904,38.365749,16.038637,24.292449,
82.606442,-67.307764,-43.491808,23.595150,68.968821,67.227122,44.989214,15.772964,29.974666,-4.240666,
-41.016074,-14.806670,31.685237,99.667148,-67.457624,-42.189076,35.951154,16.152330,-57.476630,-88.844587,
-49.010591,31.240671,79.779189,91.224397,-90.559014,53.676685,-41.835920,-35.923612,81.649367,7.382710,
-43.158668,77.216646,-91.874126,16.827712,48.519350,63.485870,29.646400,-91.575168,-13.652349,3.919513,
61.157413,70.219631,-17.776731,32.035167,-40.856346,11.194110,48.681899,-91.055599,-78.273648,-1.983820,
-98.087725,51.835139,-57.252065,45.638978,79.515866,-64.195816,35.038185,0.059701,53.565607,38.693386,
80.236674,-99.085609,14.882441,-72.717181,-1.549480,39.190401,-57.025164,-54.753640,-74.786321,-45.969207,
72.281803,-55.440901,49.671964,65.123870,31.394529,-41.745658,72.352014,83.384467,25.829843,45.974461,
11.544310,-12.488444,63.925903,-24.211056,82.963673,3.069146,-28.019571,-51.661500,27.899110,8.239011,
51.849648,-75.919502,27.381534,-64.525476,-20.994464,-50.019298,-41.801791,-81.801697,20.985772,-92.234856,
-47.938815,-40.642219,85.606415,-84.077267,47.766817,39.384216,10.333018,-27.431569,-35.802333,-45.757051,
-37.424622,-24.898191,-66.379978,20.271434,-67.871894,-92.588135,54.837888,-87.418921,81.663271,75.071646,
-64.261544,-78.542281,46.858429,-6.834446,45.377339,-84.584442,96.040238,-32.647279,-14.236693,5.433870,
41.012764,-37.771470,-64.001621,-59.677345,-24.554848,18.169936,-35.198321,98.971470,55.834559,-1.211220,
81.832628,-8.975494,-31.624940,50.662746,25.606278,31.350194,61.251300,19.679861,-41.042489,-49.274283,
-6.805614,42.748305,24.843012,0.195877,-16.410781,-72.840973,66.795654,-34.756608,23.832820,23.251097,
32.526908,-2.231048,-16.057396,-18.706276,7.439872,-98.837114,-70.842076,-54.411251,31.604258,44.054540,
-91.476053,96.882733,-30.259986,-82.354640,-14.729538,-78.528029,1.861395,37.228184,-81.842687,-62.706828,
53.911809,-78.676460,-62.093799,8.245079,9.211584,35.954984,-92.252505,-26.229283,57.111051,-32.126612,
-36.272156,-8.394229,15.999808,-60.716524,-86.781031,17.725387,-2.485693,-50.030569,56.010081,66.297864,
-43.336168,-36.198953,-35.322933,7.450908,-19.597225,-16.774892,-67.177454,91.644678,15.201615,-44.934471,
-64.004798,23.970993,40.328465,-49.538059,-29.705777,-27.080511,72.941021,83.929407,5.708120,-21.270237,
51.024686,-12.722275,43.224127,-26.767779,57.729464,-2.206190,82.065416,-42.045135,1.685761,-85.365815,
-8.247583,-26.892930,-39.911424,81.680378,80.940503,90.055411,-26.734689,47.250998,-60.100280,79.092030,
56.410158,85.446115,42.007827,-42.401598,65.249473,56.349871,-61.993361,42.424183,71.361516,76.785534,
82.420318,-39.456926,-94.136250,-80.492159,39.520717,91.385129,14.837753,-98.853690,55.332378,34.041631,
-7.996383,-36.591348,-29.461935,34.495185,86.647567,-23.844327,38.838827,46.453822,55.586894,41.211808,
-98.807280,-31.254696,81.317212,-71.068866,-60.185544,93.283075,-59.019361,40.718346,54.400133,68.635335,
56.278431,29.893756,39.274401,-66.129470,-16.947244,-65.029846,-99.729445,-46.498066,-92.629835,85.307848,
86.602609,-47.183122,75.328196,-6.112820,92.204323,5.239107,49.981300,10.425415,72.084796,57.184596,
73.784741,50.023484,-25.308225,-47.626460,71.998697,52.260569,95.452582,-23.263082,-57.992089,-93.561687,
-21.052029,-9.879354,83.092118,-24.432829,89.649297,-32.487558,84.142928,-79.407514,25.072003,34.330983,
7.812224,-14.718414,65.176107,47.406839,59.211359,-0.524725,33.268697,-68.105841,-1.436781,-55.548955,
17.141511,84.415622,-15.927146,8.519398,-82.534191,-19.321787,52.781884,-65.186500,-92.042564,5.209878,
-84.400761,24.551271,-58.482888,23.481554,-48.059270,97.635406,-9.944770,-33.415850,-11.194604,-14.100371,
